398390;0;263;398390;0;266;398390;0;289;398390;0;241
2147483647;408362;302;2147483647;412878;497;2147483647;412878;361;2147483647;412878;576
360853;0;17;360853;0;19;360853;0;17;360853;0;17
2147483647;356187;158;2147483647;360401;287;2147483647;360401;257;2147483647;360401;542
2147483647;413456;77;2147483647;416465;161;2147483647;416465;155;2147483647;416465;414
417984;0;62;417984;0;60;417984;0;61;417984;0;66
380646;0;64;380646;0;64;380646;0;71;380646;0;67
2147483647;381505;121;2147483647;398060;282;2147483647;398214;303;2147483647;398214;578
2147483647;353581;123;354983;0;157;354983;0;159;354983;0;157
2147483647;341289;74;349969;0;241;349969;0;252;349969;0;245
2147483647;422574;62;426392;0;103;426392;0;109;426392;0;105
2147483647;320035;136;322981;0;220;322981;0;196;322981;0;195
2147483647;338203;36;338203;0;38;338203;0;35;338203;0;37
2147483647;319393;65;334499;0;214;334499;0;212;334499;0;210
2147483647;393019;76;2147483647;397955;192;2147483647;397955;183;2147483647;397955;450
349294;0;45;349294;0;45;349294;0;45;349294;0;44
2147483647;380967;72;2147483647;385049;195;2147483647;385049;190;2147483647;385049;452
395105;0;42;395105;0;43;395105;0;42;395105;0;42
402319;0;44;402319;0;44;402319;0;42;402319;0;42
381477;0;58;381477;0;61;381477;0;59;381477;0;61
2147483647;364712;133;2147483647;365573;143;2147483647;365573;146;2147483647;365573;416
2147483647;333752;68;2147483647;333903;75;2147483647;333903;76;2147483647;333903;345
337028;0;20;337028;0;21;337028;0;22;337028;0;24
2147483647;375905;98;375906;0;107;375906;0;100;375906;0;100
2147483647;368516;38;370481;0;64;370481;0;63;370481;0;70
2147483647;378624;183;378626;0;185;378626;0;185;378626;0;182
414872;0;116;414872;0;124;414872;0;132;414872;0;122
2147483647;416586;94;2147483647;416587;97;2147483647;416587;96;2147483647;416587;352
361510;0;104;361510;0;101;361510;0;108;361510;0;105
2147483647;406154;99;406155;0;94;406155;0;95;406155;0;93
2147483647;382289;100;2147483647;389693;210;2147483647;389693;210;2147483647;389693;476
373889;0;60;373889;0;62;373889;0;68;373889;0;72
355882;0;16;355882;0;15;355882;0;15;355882;0;15
2147483647;361523;445;364862;0;505;364862;0;517;364862;0;507
2147483647;408745;347;408745;0;331;408745;0;337;408745;0;335
371696;0;26;371696;0;28;371696;0;24;371696;0;25
2147483647;396512;90;398457;0;153;398457;0;143;398457;0;148
2147483647;398214;115;2147483647;398214;119;2147483647;398214;117;2147483647;398214;391
2147483647;338956;69;339165;0;68;339165;0;68;339165;0;70
342827;0;37;342827;0;37;342827;0;38;342827;0;43
333448;0;65;333448;0;64;333448;0;63;333448;0;60
2147483647;408549;177;408552;0;186;408552;0;179;408552;0;181
2147483647;404661;211;2147483647;407119;287;2147483647;407119;293;2147483647;407119;551
2147483647;389944;138;389945;0;149;389945;0;141;389945;0;144
2147483647;384521;140;2147483647;385483;163;2147483647;385483;166;2147483647;385483;418
319092;0;6;319092;0;6;319092;0;5;319092;0;5
382949;0;54;382949;0;51;382949;0;54;382949;0;56
2147483647;415224;161;2147483647;415374;178;2147483647;415374;175;2147483647;415374;444
379758;0;80;379758;0;79;379758;0;80;379758;0;80
365210;0;137;365210;0;141;365210;0;134;365210;0;149
372326;0;94;372326;0;86;372326;0;89;372326;0;88
2147483647;342062;88;2147483647;342611;101;2147483647;342611;99;2147483647;342611;370
373616;0;89;373616;0;81;373616;0;89;373616;0;86
2147483647;380098;246;380099;0;243;380099;0;248;380099;0;252
380034;0;82;380034;0;84;380034;0;85;380034;0;81
2147483647;419538;145;2147483647;424654;344;424656;0;337;424656;0;332
2147483647;427295;83;431974;0;203;431974;0;203;431974;0;194
2147483647;438056;186;2147483647;443731;360;2147483647;443731;352;2147483647;443731;632
2147483647;397934;80;2147483647;402139;201;402631;0;238;402631;0;235
385148;0;31;385148;0;32;385148;0;33;385148;0;31
424508;0;262;424508;0;263;424508;0;265;424508;0;259
394498;0;86;394498;0;83;394498;0;90;394498;0;84
411624;0;73;411624;0;65;411624;0;66;411624;0;69
369436;0;36;369436;0;36;369436;0;36;369436;0;36
401717;0;114;401717;0;112;401717;0;113;401717;0;115
2147483647;399579;140;2147483647;407031;360;407032;0;359;407032;0;357
303834;0;116;303834;0;116;303834;0;108;303834;0;112
2147483647;338561;139;2147483647;338561;142;2147483647;338561;145;2147483647;338561;406
371807;0;45;371807;0;44;371807;0;44;371807;0;49
2147483647;336582;155;336582;0;157;336582;0;149;336582;0;154
2147483647;398743;106;2147483647;401103;150;2147483647;401103;144;2147483647;401103;413
346500;0;66;346500;0;69;346500;0;66;346500;0;67
2147483647;369788;143;2147483647;376099;280;376102;0;269;376102;0;271
348403;0;134;348403;0;134;348403;0;138;348403;0;136
370606;0;129;370606;0;133;370606;0;129;370606;0;134
2147483647;431635;72;2147483647;435445;139;2147483647;435445;139;2147483647;435445;414
2147483647;381195;53;2147483647;387624;123;2147483647;387624;132;2147483647;387624;388
2147483647;322238;105;322239;0;105;322239;0;109;322239;0;103
2147483647;397745;121;2147483647;401929;210;2147483647;401929;207;2147483647;401929;468
2147483647;412394;81;412395;0;80;412395;0;77;412395;0;77
2147483647;360793;70;366913;0;180;366913;0;181;366913;0;186
2147483647;302242;79;312397;0;181;312397;0;181;312397;0;182
2147483647;381499;51;2147483647;381499;52;2147483647;381499;53;2147483647;381499;314
343885;0;52;343885;0;52;343885;0;56;343885;0;54
2147483647;432791;127;2147483647;434393;230;2147483647;434393;230;2147483647;434393;497
2147483647;408931;147;409124;0;152;409124;0;153;409124;0;152
2147483647;418852;248;2147483647;423137;416;2147483647;423137;431;2147483647;423137;686
2147483647;331548;47;2147483647;335819;120;2147483647;335819;123;2147483647;335819;383
2147483647;395292;84;2147483647;395292;83;2147483647;395292;86;2147483647;395292;346
394344;0;79;394344;0;74;394344;0;76;394344;0;74
2147483647;386469;215;2147483647;387119;229;2147483647;387119;224;2147483647;387119;488
379420;0;74;379420;0;77;379420;0;79;379420;0;73
332042;0;43;332042;0;45;332042;0;44;332042;0;44
403465;0;129;403465;0;129;403465;0;126;403465;0;122
413028;0;66;413028;0;67;413028;0;68;413028;0;71
339785;0;97;339785;0;92;339785;0;95;339785;0;92
365659;0;94;365659;0;90;365659;0;90;365659;0;87
416150;0;140;416150;0;140;416150;0;136;416150;0;133
2147483647;377269;46;2147483647;377269;45;2147483647;377269;48;2147483647;377269;306
381372;0;81;381372;0;78;381372;0;82;381372;0;79
432687;0;92;432687;0;86;432687;0;85;432687;0;83
2147483647;419833;125;422087;0;153;422087;0;146;422087;0;154
2147483647;417581;165;2147483647;419610;239;2147483647;419610;243;2147483647;419610;486
2147483647;369755;131;369755;0;140;369755;0;132;369755;0;134
2147483647;333611;123;2147483647;343156;345;2147483647;343449;375;2147483647;343449;649
2147483647;384027;82;384027;0;57;384027;0;56;384027;0;60
2147483647;328909;82;328909;0;82;328909;0;85;328909;0;89
431928;0;56;431928;0;54;431928;0;53;431928;0;57
2147483647;361678;268;370248;0;411;370248;0;413;370248;0;415
2147483647;397862;65;398096;0;67;398096;0;68;398096;0;72
2147483647;383727;115;391819;0;253;391819;0;242;391819;0;235
2147483647;361605;122;2147483647;361606;123;2147483647;361606;124;2147483647;361606;387
322963;0;94;322963;0;94;322963;0;98;322963;0;95
2147483647;330941;131;2147483647;334175;179;2147483647;336242;313;2147483647;336242;574
386465;0;43;386465;0;43;386465;0;44;386465;0;45
2147483647;429092;105;2147483647;429364;109;2147483647;429364;112;2147483647;429364;385
2147483647;370315;72;2147483647;374664;111;2147483647;374664;114;2147483647;374664;386
439699;0;183;439699;0;185;439699;0;190;439699;0;183
2147483647;409067;80;2147483647;409067;85;2147483647;409067;85;2147483647;409067;346
363665;0;73;363665;0;70;363665;0;73;363665;0;72
381266;0;46;381266;0;46;381266;0;46;381266;0;44
2147483647;431463;123;2147483647;431874;126;2147483647;431874;127;2147483647;431874;386
2147483647;381012;93;2147483647;383390;141;2147483647;383390;148;2147483647;383390;402
2147483647;429786;246;429787;0;249;429787;0;253;429787;0;245
364898;0;64;364898;0;65;364898;0;65;364898;0;66
2147483647;364255;145;2147483647;370450;314;2147483647;370450;310;2147483647;370450;568
2147483647;345501;59;346089;0;65;346089;0;64;346089;0;71
2147483647;356064;59;2147483647;362877;146;2147483647;362877;153;2147483647;362877;417
2147483647;344988;254;344989;0;257;344989;0;248;344989;0;255
383228;0;134;383228;0;142;383228;0;137;383228;0;137
2147483647;417931;121;426624;0;262;426624;0;258;426624;0;248
2147483647;360383;82;361641;0;100;361641;0;103;361641;0;102
2147483647;352244;44;352244;0;45;352244;0;44;352244;0;45
2147483647;391697;51;391697;0;48;391697;0;48;391697;0;48
367579;0;73;367579;0;74;367579;0;78;367579;0;72
2147483647;364153;54;364153;0;55;364153;0;54;364153;0;54
366424;0;54;366424;0;50;366424;0;53;366424;0;51
2147483647;387409;158;2147483647;389565;224;2147483647;389565;225;2147483647;389565;489
2147483647;332025;86;338919;0;234;338919;0;245;338919;0;242
342885;0;84;342885;0;83;342885;0;92;342885;0;100
2147483647;339294;65;2147483647;340065;83;2147483647;340065;88;2147483647;340065;350
2147483647;343417;103;2147483647;343417;103;2147483647;343417;106;2147483647;343417;369
339754;0;124;339754;0;124;339754;0;122;339754;0;124
405410;0;48;405410;0;49;405410;0;48;405410;0;47
341197;0;63;341197;0;63;341197;0;60;341197;0;61
2147483647;402393;84;404136;0;117;404136;0;120;404136;0;121
2147483647;395922;143;395922;0;149;395922;0;145;395922;0;143
2147483647;341862;72;344772;0;109;344772;0;107;344772;0;106
401058;0;152;401058;0;156;401058;0;147;401058;0;148
392949;0;30;392949;0;32;392949;0;31;392949;0;31
358624;0;126;358624;0;124;358624;0;126;358624;0;123
2147483647;382348;125;2147483647;382348;131;2147483647;382348;129;2147483647;382348;383
2147483647;399343;138;2147483647;403561;222;2147483647;403561;218;2147483647;403561;469
390475;0;58;390475;0;56;390475;0;58;390475;0;57
316652;0;49;316652;0;50;316652;0;50;316652;0;50
415404;0;64;415404;0;62;415404;0;62;415404;0;63
2147483647;383465;161;387550;0;278;387550;0;265;387550;0;275
2147483647;389271;102;389271;0;100;389271;0;104;389271;0;104
391777;0;53;391777;0;53;391777;0;56;391777;0;56
2147483647;420644;91;2147483647;420644;90;2147483647;420644;97;2147483647;420644;358
2147483647;409669;93;2147483647;409669;94;2147483647;409669;96;2147483647;409669;356
2147483647;339067;97;339361;0;105;339361;0;108;339361;0;107
388629;0;184;388629;0;188;388629;0;186;388629;0;183
387044;0;100;387044;0;101;387044;0;122;387044;0;143
2147483647;407377;129;2147483647;408649;242;2147483647;408649;186;2147483647;408649;439
2147483647;376598;115;387212;0;214;387212;0;213;387212;0;211
2147483647;418062;96;423073;0;156;423073;0;151;423073;0;147
386495;0;146;386495;0;149;386495;0;144;386495;0;146
2147483647;415605;40;2147483647;422660;108;2147483647;423511;203;2147483647;423511;454
2147483647;355973;48;355973;0;51;355973;0;48;355973;0;48
387966;0;46;387966;0;42;387966;0;42;387966;0;43
2147483647;379897;82;2147483647;381856;132;2147483647;381856;134;2147483647;381856;384
2147483647;327650;100;327650;0;99;327650;0;103;327650;0;102
358580;0;91;358580;0;92;358580;0;97;358580;0;91
426745;0;96;426745;0;95;426745;0;98;426745;0;99
359267;0;69;359267;0;71;359267;0;71;359267;0;73
2147483647;381885;69;2147483647;391831;215;2147483647;391973;218;2147483647;391973;482
369440;0;80;369440;0;76;369440;0;79;369440;0;77
372684;0;125;372684;0;125;372684;0;128;372684;0;124
2147483647;372572;210;372841;0;209;372841;0;207;372841;0;206
397642;0;112;397642;0;114;397642;0;111;397642;0;113
2147483647;385067;75;385423;0;80;385423;0;82;385423;0;78
2147483647;367224;127;367226;0;128;367226;0;124;367226;0;125
340292;0;16;340292;0;16;340292;0;14;340292;0;15
2147483647;428878;75;2147483647;429332;93;2147483647;429332;86;2147483647;429332;342
2147483647;435062;124;435063;0;125;435063;0;123;435063;0;126
2147483647;362604;125;366028;0;195;366028;0;190;366028;0;190
2147483647;373659;103;387294;0;280;387294;0;286;387294;0;280
382349;0;77;382349;0;78;382349;0;78;382349;0;78
2147483647;412467;75;2147483647;433093;296;2147483647;433093;291;2147483647;433093;549
2147483647;365726;46;366626;0;63;366626;0;62;366626;0;65
2147483647;357730;35;357776;0;36;357776;0;35;357776;0;36
2147483647;380493;106;2147483647;380493;99;2147483647;380493;100;2147483647;380493;360
2147483647;427572;87;434855;0;140;434855;0;141;434855;0;141
2147483647;419193;127;2147483647;421539;206;2147483647;421539;209;2147483647;421539;463
2147483647;377458;65;389947;0;211;389947;0;212;389947;0;211
2147483647;353575;193;353993;0;206;353993;0;212;353993;0;203
2147483647;418228;71;419775;0;105;419775;0;106;419775;0;103
2147483647;376212;70;376214;0;70;376214;0;72;376214;0;75
385845;0;154;385845;0;158;385845;0;153;385845;0;156
389842;0;46;389842;0;48;389842;0;46;389842;0;47
2147483647;347863;70;2147483647;347863;67;2147483647;347863;71;2147483647;347863;329
384079;0;86;384079;0;85;384079;0;89;384079;0;84
2147483647;402229;116;2147483647;403849;150;2147483647;403849;149;2147483647;403849;410
407863;0;178;407863;0;182;407863;0;176;407863;0;174
2147483647;353866;76;2147483647;368855;301;2147483647;370078;388;2147483647;370078;643
2147483647;395799;81;2147483647;395799;81;2147483647;395799;86;2147483647;395799;342
2147483647;384034;105;388059;0;155;388059;0;154;388059;0;152
2147483647;402338;104;2147483647;402995;128;2147483647;402995;125;2147483647;402995;383
404324;0;69;404324;0;69;404324;0;71;404324;0;71
2147483647;352585;67;2147483647;354721;94;2147483647;354721;98;2147483647;354721;360
2147483647;369272;204;369273;0;206;369273;0;201;369273;0;203
395537;0;103;395537;0;104;395537;0;106;395537;0;100
2147483647;444687;329;444856;0;319;444856;0;320;444856;0;315
2147483647;368790;116;369537;0;125;369537;0;125;369537;0;123
2147483647;306435;125;317021;0;270;317021;0;265;317021;0;269
343147;0;16;343147;0;16;343147;0;15;343147;0;15
400094;0;59;400094;0;60;400094;0;63;400094;0;62
2147483647;407272;154;416146;0;336;416146;0;330;416146;0;323
2147483647;370192;100;370272;0;101;370272;0;103;370272;0;100
359282;0;183;359282;0;185;359282;0;187;359282;0;182
403801;0;71;403801;0;72;403801;0;75;403801;0;71
393921;0;98;393921;0;98;393921;0;103;393921;0;111
2147483647;377523;82;2147483647;382067;275;2147483647;382067;273;2147483647;382067;528
2147483647;416055;74;416321;0;78;416321;0;81;416321;0;78
381140;0;83;381140;0;82;381140;0;84;381140;0;80
2147483647;408342;63;409297;0;73;409297;0;76;409297;0;72
409987;0;82;409987;0;85;409987;0;86;409987;0;82
395493;0;49;395493;0;51;395493;0;51;395493;0;52
386490;0;13;386490;0;15;386490;0;12;386490;0;12
2147483647;369218;59;373123;0;152;373123;0;144;373123;0;147
361761;0;101;361761;0;102;361761;0;104;361761;0;101
2147483647;428964;129;2147483647;431866;177;2147483647;431866;175;2147483647;431866;443
2147483647;367586;100;2147483647;371560;168;2147483647;371560;163;2147483647;371560;426
2147483647;356399;50;2147483647;356697;58;2147483647;356697;55;2147483647;356697;311
2147483647;407937;171;419722;0;335;419722;0;332;419722;0;336
2147483647;395546;115;395807;0;116;395807;0;116;395807;0;115
2147483647;407057;134;407058;0;135;407058;0;128;407058;0;130
2147483647;414860;150;423631;0;371;423631;0;362;423631;0;360
2147483647;388552;122;388552;0;123;388552;0;120;388552;0;121
2147483647;318270;47;318270;0;46;318270;0;47;318270;0;46
369656;0;52;369656;0;49;369656;0;49;369656;0;50
364025;0;83;364025;0;84;364025;0;86;364025;0;84
390513;0;93;390513;0;94;390513;0;97;390513;0;94
2147483647;408341;124;2147483647;408341;125;2147483647;408341;123;2147483647;408341;383
2147483647;428325;92;2147483647;428325;92;2147483647;428325;94;2147483647;428325;354
2147483647;416355;172;416355;0;175;416355;0;170;416355;0;172
2147483647;376110;130;385705;0;265;385705;0;261;385705;0;267
444439;0;74;444439;0;70;444439;0;74;444439;0;70
2147483647;352459;219;2147483647;357190;328;2147483647;357190;333;2147483647;357190;593
381337;0;139;381337;0;144;381337;0;149;381337;0;136
2147483647;391263;64;2147483647;394839;125;2147483647;394839;128;2147483647;394839;386
2147483647;367991;67;369298;0;77;369298;0;84;369298;0;76
2147483647;367788;92;2147483647;373996;269;2147483647;373996;266;2147483647;373996;521
2147483647;373519;117;375376;0;162;375376;0;155;375376;0;158
333159;0;68;333159;0;68;333159;0;69;333159;0;71
2147483647;422798;86;2147483647;426429;177;2147483647;426429;170;2147483647;426429;445
2147483647;374885;87;377300;0;115;377300;0;120;377300;0;118
2147483647;346755;89;2147483647;348980;111;348980;0;114;348980;0;117
2147483647;428822;148;430772;0;196;430772;0;196;430772;0;192
375165;0;68;375165;0;65;375165;0;64;375165;0;67
408945;0;154;408945;0;158;408945;0;156;408945;0;157
376224;0;92;376224;0;93;376224;0;98;376224;0;92
2147483647;372594;111;373858;0;129;373858;0;124;373858;0;127
2147483647;395562;72;2147483647;399351;229;2147483647;399351;226;2147483647;399351;486
2147483647;346587;70;2147483647;351434;151;2147483647;351434;151;2147483647;351434;405
2147483647;447793;118;2147483647;450064;162;2147483647;450064;158;2147483647;450064;420
362500;0;49;362500;0;50;362500;0;50;362500;0;48
2147483647;404126;147;404127;0;148;404127;0;146;404127;0;145
354513;0;22;354513;0;23;354513;0;22;354513;0;23
339758;0;140;339758;0;137;339758;0;139;339758;0;136
2147483647;358110;29;364285;0;177;364285;0;177;364285;0;176
2147483647;355175;80;362030;0;191;362030;0;191;362030;0;192
2147483647;377340;82;2147483647;378483;129;2147483647;378483;127;2147483647;378483;381
350175;0;59;350175;0;62;350175;0;57;350175;0;60
2147483647;367760;129;368165;0;144;368165;0;140;368165;0;142
2147483647;397882;157;407706;0;301;407706;0;287;407706;0;287
2147483647;389308;33;390431;0;55;390431;0;56;390431;0;56
2147483647;397752;117;2147483647;399188;136;400928;0;204;400928;0;206
420818;0;65;420818;0;64;420818;0;66;420818;0;69
2147483647;415562;108;2147483647;426112;239;2147483647;426128;239;2147483647;426128;509
2147483647;355176;166;355176;0;170;355176;0;165;355176;0;166
2147483647;455009;71;455621;0;81;455621;0;88;455621;0;79
2147483647;360407;178;2147483647;360407;181;2147483647;360407;178;2147483647;360407;443
2147483647;382442;95;2147483647;382442;93;2147483647;382442;95;2147483647;382442;360
384911;0;118;384911;0;123;384911;0;120;384911;0;125
2147483647;363705;134;365364;0;157;365364;0;152;365364;0;153
2147483647;363939;111;366827;0;162;366827;0;161;366827;0;159
359520;0;57;359520;0;56;359520;0;57;359520;0;59
2147483647;366568;86;368387;0;115;368387;0;115;368387;0;110
2147483647;409957;57;2147483647;413066;99;2147483647;413066;100;2147483647;413066;357
391508;0;25;391508;0;26;391508;0;24;391508;0;26
338926;0;79;338926;0;83;338926;0;88;338926;0;80
2147483647;402084;87;405913;0;125;405913;0;127;405913;0;127
2147483647;347998;66;2147483647;361177;243;2147483647;362796;409;2147483647;362796;661
322106;0;37;322106;0;34;322106;0;36;322106;0;35
2147483647;385137;98;390238;0;160;390238;0;161;390238;0;163
356166;0;109;356166;0;110;356166;0;116;356166;0;110
2147483647;406240;66;406240;0;63;406240;0;64;406240;0;67
319159;0;57;319159;0;58;319159;0;57;319159;0;60
2147483647;373434;74;373435;0;75;373435;0;78;373435;0;75
2147483647;358235;87;358235;0;91;358235;0;91;358235;0;94
2147483647;345055;115;350673;0;195;350673;0;189;350673;0;187
343232;0;54;343232;0;54;343232;0;53;343232;0;55
359095;0;45;359095;0;43;359095;0;42;359095;0;43
366168;0;84;366168;0;79;366168;0;78;366168;0;77
2147483647;373641;56;2147483647;374164;67;2147483647;374164;68;2147483647;374164;331
382625;0;206;382625;0;210;382625;0;207;382625;0;210
362124;0;23;362124;0;23;362124;0;23;362124;0;23
2147483647;401189;144;401190;0;135;401190;0;133;401190;0;137
358210;0;88;358210;0;89;358210;0;93;358210;0;90
2147483647;367660;96;367661;0;103;367661;0;99;367661;0;100
2147483647;367503;70;2147483647;369401;114;2147483647;369401;113;2147483647;369401;375
2147483647;389975;58;389975;0;58;389975;0;60;389975;0;61
2147483647;439881;99;2147483647;442641;186;442830;0;205;442830;0;207
387552;0;74;387552;0;75;387552;0;74;387552;0;73
2147483647;330252;98;330333;0;99;330333;0;101;330333;0;101
2147483647;359004;67;359038;0;67;359038;0;68;359038;0;75
2147483647;386403;85;386599;0;93;386599;0;94;386599;0;90
2147483647;384944;92;387031;0;123;387031;0;123;387031;0;128
406871;0;40;406871;0;40;406871;0;39;406871;0;38
377918;0;71;377918;0;69;377918;0;69;377918;0;70
2147483647;391313;140;2147483647;392105;165;2147483647;392105;158;2147483647;392105;425
2147483647;418011;82;418658;0;85;418658;0;87;418658;0;87
2147483647;385099;19;2147483647;387892;48;2147483647;387892;46;2147483647;387892;313
2147483647;426543;58;430097;0;97;430097;0;99;430097;0;96
2147483647;394918;90;2147483647;397364;163;2147483647;397364;163;2147483647;397364;427
2147483647;397940;84;398363;0;88;398363;0;93;398363;0;92
2147483647;422060;137;424247;0;171;424247;0;165;424247;0;166
379713;0;42;379713;0;40;379713;0;40;379713;0;39
2147483647;383494;48;383495;0;48;383495;0;48;383495;0;46
2147483647;396350;215;396460;0;218;396460;0;204;396460;0;207
2147483647;400931;117;400932;0;119;400932;0;117;400932;0;119
353867;0;33;353867;0;34;353867;0;35;353867;0;32
2147483647;378228;86;380420;0;110;380420;0;109;380420;0;106
2147483647;382972;84;383630;0;93;383630;0;90;383630;0;94
356085;0;66;356085;0;61;356085;0;63;356085;0;63
337437;0;107;337437;0;108;337437;0;110;337437;0;108
2147483647;334122;36;2147483647;334122;36;2147483647;334122;38;2147483647;334122;293
2147483647;413253;64;414210;0;73;414210;0;77;414210;0;74
2147483647;415426;66;2147483647;417335;125;2147483647;417335;130;2147483647;417335;383
2147483647;385209;83;2147483647;388378;141;2147483647;388378;142;2147483647;388378;399
2147483647;379508;91;2147483647;401045;347;2147483647;401045;346;2147483647;401045;601
2147483647;360263;227;361624;0;261;361624;0;255;361624;0;259
389929;0;47;389929;0;49;389929;0;46;389929;0;46
342904;0;85;342904;0;82;342904;0;83;342904;0;81
369005;0;80;369005;0;84;369005;0;83;369005;0;79
319191;0;21;319191;0;23;319191;0;22;319191;0;23
343347;0;34;343347;0;36;343347;0;37;343347;0;39
2147483647;355419;110;2147483647;355727;116;2147483647;355727;116;2147483647;355727;371
352067;0;35;352067;0;32;352067;0;34;352067;0;33
2147483647;397617;83;397619;0;83;397619;0;81;397619;0;83
2147483647;378216;81;2147483647;378216;82;2147483647;378216;85;2147483647;378216;341
397303;0;146;397303;0;163;397303;0;147;397303;0;144
360245;0;104;360245;0;98;360245;0;100;360245;0;100
2147483647;405904;75;406311;0;77;406311;0;81;406311;0;77
2147483647;408344;244;2147483647;413199;390;413199;0;393;413199;0;390
2147483647;415678;108;417959;0;147;417959;0;136;417959;0;141
393908;0;80;393908;0;75;393908;0;78;393908;0;76
2147483647;371788;109;2147483647;372762;134;2147483647;372762;140;2147483647;372762;393
2147483647;403337;87;403337;0;87;403337;0;92;403337;0;87
2147483647;412097;265;420333;0;356;420333;0;346;420333;0;345
2147483647;448263;78;448263;0;76;448263;0;78;448263;0;75
392775;0;32;392775;0;36;392775;0;32;392775;0;33
2147483647;402548;96;2147483647;403930;127;2147483647;403930;126;2147483647;403930;384
337913;0;42;337913;0;41;337913;0;41;337913;0;45
416512;0;90;416512;0;88;416512;0;94;416512;0;96
2147483647;360607;112;363885;0;151;363885;0;152;363885;0;152
2147483647;383613;93;384900;0;122;384900;0;123;384900;0;120
369997;0;37;369997;0;37;369997;0;37;369997;0;36
2147483647;448694;79;448757;0;77;448757;0;77;448757;0;84
385509;0;97;385509;0;96;385509;0;95;385509;0;99
2147483647;352156;78;353955;0;95;353955;0;96;353955;0;97
2147483647;393756;106;2147483647;395277;144;2147483647;395277;141;2147483647;395277;400
385546;0;63;385546;0;62;385546;0;60;385546;0;65
2147483647;373843;205;380752;0;326;380752;0;318;380752;0;327
368698;0;13;368698;0;11;368698;0;12;368698;0;12
2147483647;348278;88;356289;0;157;356289;0;154;356289;0;151
2147483647;416301;216;2147483647;423176;349;423178;0;348;423178;0;350
2147483647;331380;72;331380;0;74;331380;0;76;331380;0;81
2147483647;357759;116;359286;0;139;359286;0;135;359286;0;137
2147483647;448811;151;2147483647;449743;174;449743;0;174;449743;0;176
361420;0;26;361420;0;24;361420;0;24;361420;0;25
364916;0;18;364916;0;19;364916;0;20;364916;0;19
397186;0;63;397186;0;64;397186;0;65;397186;0;60
363437;0;30;363437;0;30;363437;0;29;363437;0;29
2147483647;405156;116;405309;0;115;405309;0;121;405309;0;121
361074;0;61;361074;0;56;361074;0;55;361074;0;60
386444;0;62;386444;0;62;386444;0;62;386444;0;65
2147483647;365679;94;365679;0;94;365679;0;101;365679;0;94
2147483647;370506;89;2147483647;373742;183;2147483647;373742;170;2147483647;373742;426
2147483647;365262;89;366443;0;122;366443;0;126;366443;0;121
2147483647;350539;132;352781;0;168;352781;0;170;352781;0;173
334944;0;49;334944;0;48;334944;0;49;334944;0;51
2147483647;374501;108;377012;0;154;377012;0;154;377012;0;154
2147483647;437473;129;2147483647;439055;170;2147483647;439055;171;2147483647;439055;420
2147483647;360199;111;361665;0;175;361665;0;175;361665;0;171
2147483647;398710;81;398710;0;81;398710;0;82;398710;0;81
2147483647;369695;110;2147483647;373308;185;2147483647;373308;186;2147483647;373308;451
2147483647;359917;138;361340;0;154;361340;0;159;361340;0;151
2147483647;369078;66;2147483647;369078;66;2147483647;369078;75;2147483647;369078;324
2147483647;398290;129;398291;0;166;398291;0;147;398291;0;164
2147483647;355965;127;360544;0;152;360544;0;145;360544;0;145
2147483647;349962;106;350241;0;110;350241;0;115;350241;0;109
2147483647;379864;142;385088;0;278;385088;0;278;385088;0;281
2147483647;391120;107;392850;0;132;392850;0;131;392850;0;129
391689;0;48;391689;0;46;391689;0;46;391689;0;46
2147483647;376096;109;2147483647;389876;281;2147483647;389876;281;2147483647;389876;560
2147483647;405802;107;405876;0;109;405876;0;109;405876;0;109
2147483647;405128;91;410142;0;200;410142;0;189;410142;0;191
2147483647;413038;129;413039;0;133;413039;0;129;413039;0;132
2147483647;382006;49;2147483647;383728;79;2147483647;383728;78;2147483647;383728;337
2147483647;368009;122;368207;0;128;368207;0;132;368207;0;134
2147483647;374452;95;374453;0;94;374453;0;94;374453;0;96
2147483647;389506;125;2147483647;399991;275;2147483647;399991;273;2147483647;399991;541
379390;0;93;379390;0;94;379390;0;96;379390;0;94
385930;0;101;385930;0;97;385930;0;99;385930;0;97
444562;0;87;444562;0;83;444562;0;85;444562;0;85
2147483647;397986;55;2147483647;400084;82;2147483647;400084;83;2147483647;400084;348
2147483647;314280;146;339768;0;508;339768;0;497;339768;0;500
2147483647;409000;47;2147483647;409000;48;2147483647;409000;49;2147483647;409000;309
2147483647;379969;81;387369;0;164;387369;0;164;387369;0;163
2147483647;383803;59;385604;0;101;385604;0;99;385604;0;98
394323;0;79;394323;0;75;394323;0;73;394323;0;67
2147483647;404279;112;404281;0;115;404281;0;112;404281;0;114
2147483647;423060;98;2147483647;425417;160;2147483647;425417;153;2147483647;425417;410
364782;0;58;364782;0;57;364782;0;64;364782;0;59
2147483647;438705;146;2147483647;440761;215;2147483647;440775;210;2147483647;440775;474
2147483647;400758;87;400759;0;80;400759;0;85;400759;0;84
2147483647;410305;69;2147483647;412832;151;412833;0;151;412833;0;151
2147483647;317395;174;317395;0;174;317395;0;171;317395;0;174
2147483647;410772;111;413209;0;155;413209;0;152;413209;0;153
2147483647;373946;118;373948;0;123;373948;0;117;373948;0;120
2147483647;360568;42;2147483647;361597;65;2147483647;361597;69;2147483647;361597;339
2147483647;324856;274;340765;0;543;340765;0;538;340765;0;541
2147483647;390608;88;395363;0;266;395363;0;255;395363;0;262
2147483647;387718;74;2147483647;387718;77;2147483647;387718;79;2147483647;387718;334
2147483647;404473;88;406635;0;158;406635;0;160;406635;0;155
2147483647;400946;105;2147483647;403608;152;403892;0;167;403892;0;165
414495;0;92;414495;0;93;414495;0;95;414495;0;93
2147483647;422407;160;424029;0;197;424029;0;195;424029;0;192
2147483647;377663;79;2147483647;378440;117;2147483647;378440;121;2147483647;378440;435
376084;0;96;376084;0;93;376084;0;95;376084;0;91
370541;0;111;370541;0;113;370541;0;111;370541;0;109
2147483647;373136;195;2147483647;375939;277;2147483647;375939;269;2147483647;375939;523
385821;0;192;385821;0;196;385821;0;195;385821;0;195
2147483647;399598;94;410724;0;202;410724;0;204;410724;0;201
2147483647;361282;46;361282;0;43;361282;0;43;361282;0;43
2147483647;448718;52;448719;0;52;448719;0;48;448719;0;48
2147483647;317917;228;317917;0;227;317917;0;223;317917;0;225
2147483647;388915;73;2147483647;391280;112;2147483647;391280;117;2147483647;391280;367
409098;0;92;409098;0;91;409098;0;95;409098;0;97
398688;0;125;398688;0;120;398688;0;124;398688;0;119
2147483647;402370;96;404399;0;126;404399;0;122;404399;0;122
408019;0;103;408019;0;106;408019;0;104;408019;0;103
2147483647;321337;55;325257;0;152;325257;0;151;325257;0;153
398560;0;155;398560;0;162;398560;0;156;398560;0;159
2147483647;406685;158;2147483647;406685;165;2147483647;406685;160;2147483647;406685;413
372018;0;120;372018;0;121;372018;0;109;372018;0;114
2147483647;406955;102;2147483647;411008;238;2147483647;411008;239;2147483647;411008;499
349272;0;33;349272;0;31;349272;0;32;349272;0;32
2147483647;415048;221;417690;0;304;417690;0;296;417690;0;292
365967;0;48;365967;0;48;365967;0;48;365967;0;48
2147483647;372542;193;2147483647;380830;339;2147483647;380830;342;2147483647;380830;608
2147483647;349770;48;352012;0;81;352012;0;84;352012;0;82
361365;0;62;361365;0;62;361365;0;62;361365;0;65
371340;0;96;371340;0;95;371340;0;100;371340;0;98
340184;0;84;340184;0;83;340184;0;83;340184;0;87
392480;0;49;392480;0;53;392480;0;50;392480;0;48
2147483647;383996;84;384766;0;90;384766;0;99;384766;0;87
2147483647;360181;256;2147483647;364948;390;364949;0;388;364949;0;398
2147483647;333916;95;336848;0;170;336848;0;171;336848;0;166
361248;0;69;361248;0;77;361248;0;74;361248;0;68
2147483647;362697;120;365006;0;156;365006;0;155;365006;0;157
2147483647;367651;118;368361;0;137;368361;0;127;368361;0;128
339129;0;107;339129;0;108;339129;0;110;339129;0;110
363027;0;82;363027;0;79;363027;0;82;363027;0;79
386394;0;68;386394;0;70;386394;0;71;386394;0;70
339163;0;21;339163;0;19;339163;0;20;339163;0;20
2147483647;407437;142;407438;0;137;407438;0;144;407438;0;138
2147483647;315311;45;319963;0;101;319963;0;105;319963;0;104
2147483647;356882;33;356883;0;35;356883;0;33;356883;0;33
292957;0;78;292957;0;79;292957;0;76;292957;0;78
2147483647;387953;134;2147483647;390528;177;2147483647;390528;179;2147483647;390528;439
2147483647;399639;50;403257;0;105;403257;0;108;403257;0;104
333933;0;60;333933;0;59;333933;0;59;333933;0;63
2147483647;395251;95;2147483647;396206;117;2147483647;396206;115;2147483647;396206;377
368878;0;27;368878;0;27;368878;0;28;368878;0;26
2147483647;426906;193;2147483647;431336;310;2147483647;431336;309;2147483647;431336;564
372475;0;153;372475;0;157;372475;0;154;372475;0;154
2147483647;364023;46;2147483647;364514;55;2147483647;364514;57;2147483647;364514;318
2147483647;418948;53;2147483647;425228;201;2147483647;425228;204;2147483647;425228;474
390879;0;87;390879;0;87;390879;0;93;390879;0;87
2147483647;375702;107;375703;0;109;375703;0;108;375703;0;107
2147483647;458320;181;2147483647;464445;374;2147483647;464445;352;2147483647;464445;621
359590;0;77;359590;0;75;359590;0;80;359590;0;78
361264;0;89;361264;0;83;361264;0;88;361264;0;85
2147483647;346587;45;346587;0;46;346587;0;46;346587;0;46
2147483647;375356;107;378347;0;188;378347;0;196;378347;0;193
2147483647;407958;64;2147483647;407958;66;2147483647;407958;66;2147483647;407958;336
356217;0;20;356217;0;20;356217;0;21;356217;0;20
2147483647;325185;70;359736;0;507;359736;0;494;359736;0;494
363110;0;60;363110;0;58;363110;0;60;363110;0;62
372550;0;96;372550;0;97;372550;0;103;372550;0;98
389719;0;46;389719;0;47;389719;0;48;389719;0;45
2147483647;410581;124;2147483647;417205;317;2147483647;417205;310;2147483647;417205;566
385675;0;45;385675;0;46;385675;0;45;385675;0;46
383659;0;59;383659;0;53;383659;0;56;383659;0;56
2147483647;444339;201;444340;0;203;444340;0;216;444340;0;206
2147483647;430853;85;2147483647;436070;193;2147483647;436070;187;2147483647;436070;449
2147483647;379274;135;2147483647;381835;173;384347;0;250;384347;0;252
2147483647;368731;108;373217;0;225;373217;0;229;373217;0;222
2147483647;434084;112;435423;0;132;435423;0;128;435423;0;129
377604;0;84;377604;0;78;377604;0;81;377604;0;83
2147483647;349517;121;2147483647;355922;317;2147483647;355922;316;2147483647;355922;570
386131;0;103;386131;0;103;386131;0;107;386131;0;103
358199;0;92;358199;0;90;358199;0;93;358199;0;90
2147483647;377332;136;384074;0;209;384074;0;210;384074;0;209
2147483647;374329;38;2147483647;375707;65;2147483647;375707;67;2147483647;375707;330
381767;0;104;381767;0;109;381767;0;107;381767;0;107
2147483647;384097;159;2147483647;401708;433;2147483647;401837;431;2147483647;401837;681
2147483647;390094;193;391045;0;216;391045;0;210;391045;0;210
2147483647;394838;142;398882;0;238;398882;0;233;398882;0;233
2147483647;368008;221;368008;0;227;368008;0;224;368008;0;213
438877;0;109;438877;0;109;438877;0;103;438877;0;103
2147483647;434286;114;2147483647;434961;134;2147483647;434961;132;2147483647;434961;393
409997;0;201;409997;0;206;409997;0;201;409997;0;198
362041;0;94;362041;0;90;362041;0;91;362041;0;89
2147483647;395890;84;395890;0;84;395890;0;89;395890;0;89
2147483647;340919;84;340920;0;83;340920;0;88;340920;0;82
2147483647;375415;184;375415;0;189;375415;0;182;375415;0;186
2147483647;392842;70;2147483647;393246;83;2147483647;393246;86;2147483647;393246;339
391606;0;130;391606;0;134;391606;0;132;391606;0;131
411837;0;68;411837;0;66;411837;0;66;411837;0;71
2147483647;393312;81;397968;0;142;397968;0;138;397968;0;142
350651;0;51;350651;0;52;350651;0;51;350651;0;53
2147483647;360367;93;2147483647;362006;133;2147483647;362006;135;2147483647;362006;388
2147483647;431599;35;431789;0;40;431789;0;40;431789;0;40
388372;0;17;388372;0;17;388372;0;18;388372;0;18
432542;0;67;432542;0;67;432542;0;66;432542;0;68
2147483647;438851;123;443782;0;176;443782;0;175;443782;0;179
2147483647;400562;64;402446;0;79;402446;0;80;402446;0;101
2147483647;337542;196;337543;0;184;337543;0;158;337543;0;148
2147483647;423368;94;2147483647;425393;172;2147483647;425393;198;2147483647;425393;456
339983;0;52;339983;0;53;339983;0;53;339983;0;54
332251;0;105;332251;0;108;332251;0;130;332251;0;126
320005;0;62;320005;0;59;320005;0;62;320005;0;68
410698;0;160;410698;0;169;410698;0;164;410698;0;160
376219;0;101;376219;0;100;376219;0;106;376219;0;105
2147483647;383582;78;383771;0;82;383771;0;83;383771;0;78
2147483647;374377;28;2147483647;374377;26;2147483647;374377;29;2147483647;374377;287
2147483647;358247;141;2147483647;358247;148;2147483647;358247;146;2147483647;358247;399
2147483647;368581;109;2147483647;384453;417;2147483647;384453;416;2147483647;384453;676
2147483647;350621;46;2147483647;350880;52;2147483647;350880;53;2147483647;350880;319
2147483647;366907;146;2147483647;366907;148;2147483647;366907;146;2147483647;366907;405
393274;0;101;393274;0;103;393274;0;106;393274;0;106
2147483647;363796;75;363796;0;76;363796;0;80;363796;0;76
2147483647;336164;104;336165;0;110;336165;0;106;336165;0;105
2147483647;428973;74;2147483647;428975;71;2147483647;428975;75;2147483647;428975;327
2147483647;364283;95;364286;0;94;364286;0;98;364286;0;95
2147483647;383414;133;2147483647;383918;152;387398;0;292;387398;0;292
412875;0;72;412875;0;71;412875;0;75;412875;0;70
2147483647;394926;86;401055;0;165;401055;0;163;401055;0;162
2147483647;387677;44;2147483647;395364;130;2147483647;396699;220;2147483647;396699;479
378663;0;68;378663;0;67;378663;0;73;378663;0;73
2147483647;412619;75;2147483647;413338;90;2147483647;413965;173;2147483647;413965;433
2147483647;375116;63;378653;0;124;378653;0;126;378653;0;125
2147483647;343658;67;343658;0;69;343658;0;72;343658;0;74
2147483647;362396;156;2147483647;374561;354;374562;0;359;374562;0;358
2147483647;447232;87;449340;0;127;449340;0;128;449340;0;126
2147483647;410672;86;2147483647;415458;170;2147483647;416334;243;2147483647;416334;495
2147483647;389456;64;2147483647;389456;65;2147483647;389456;66;2147483647;389456;325
314375;0;24;314375;0;22;314375;0;23;314375;0;23
2147483647;396623;83;396717;0;87;396717;0;81;396717;0;85
2147483647;395386;101;2147483647;395386;103;2147483647;395386;103;2147483647;395386;357
2147483647;440611;103;440644;0;106;440644;0;106;440644;0;104
2147483647;376876;67;2147483647;377835;101;2147483647;377835;103;2147483647;377835;363
2147483647;381229;72;2147483647;381229;72;2147483647;381229;76;2147483647;381229;335
2147483647;378273;150;2147483647;378273;158;2147483647;378273;152;2147483647;378273;408
2147483647;387725;86;388096;0;100;388096;0;99;388096;0;99
2147483647;401007;135;2147483647;401007;126;2147483647;401007;122;2147483647;401007;396
377562;0;41;377562;0;41;377562;0;41;377562;0;45
2147483647;360576;120;2147483647;377636;443;2147483647;377746;454;2147483647;377746;720
372226;0;100;372226;0;99;372226;0;103;372226;0;101
2147483647;434528;78;436657;0;110;436657;0;117;436657;0;113
2147483647;425623;149;2147483647;436812;342;436813;0;340;436813;0;340
391768;0;84;391768;0;95;391768;0;86;391768;0;90
354933;0;78;354933;0;76;354933;0;80;354933;0;84
2147483647;370096;65;2147483647;370096;63;2147483647;370096;66;2147483647;370096;330
2147483647;354290;158;2147483647;356508;204;357158;0;245;357158;0;244
2147483647;419190;84;2147483647;421530;151;2147483647;421530;149;2147483647;421530;409
354819;0;141;354819;0;149;354819;0;146;354819;0;142
2147483647;378445;123;2147483647;381539;217;381539;0;212;381539;0;213
388622;0;38;388622;0;37;388622;0;37;388622;0;38
2147483647;338150;138;342808;0;207;342808;0;201;342808;0;204
2147483647;366698;173;2147483647;372520;293;2147483647;372520;293;2147483647;372520;544
415767;0;52;415767;0;53;415767;0;52;415767;0;54
2147483647;351891;132;2147483647;352122;139;2147483647;352945;176;2147483647;352945;437
375006;0;103;375006;0;103;375006;0;104;375006;0;104
2147483647;353366;65;353367;0;66;353367;0;64;353367;0;70
369833;0;68;369833;0;69;369833;0;69;369833;0;70
2147483647;418594;84;2147483647;420456;138;2147483647;420456;138;2147483647;420456;395
337799;0;85;337799;0;89;337799;0;90;337799;0;87
2147483647;423681;153;2147483647;426950;242;2147483647;426950;248;2147483647;426950;496
2147483647;410945;99;411635;0;113;411635;0;114;411635;0;112
2147483647;441559;145;2147483647;445169;216;2147483647;445169;214;2147483647;445169;476
2147483647;392480;92;392481;0;94;392481;0;98;392481;0;93
417316;0;111;417316;0;110;417316;0;107;417316;0;109
2147483647;399570;82;400998;0;111;400998;0;116;400998;0;114
2147483647;383961;187;383962;0;189;383962;0;191;383962;0;189
336788;0;132;336788;0;136;336788;0;131;336788;0;133
2147483647;406180;74;2147483647;415254;275;2147483647;416652;351;2147483647;416652;604
2147483647;362122;220;365077;0;261;365077;0;261;365077;0;258
389746;0;68;389746;0;62;389746;0;64;389746;0;65
2147483647;360299;105;361133;0;117;361133;0;116;361133;0;112
2147483647;492333;94;492333;0;92;492333;0;95;492333;0;92
2147483647;402501;86;404780;0;140;404780;0;138;404780;0;139
2147483647;350386;62;351960;0;77;351960;0;81;351960;0;78
419326;0;70;419326;0;68;419326;0;72;419326;0;71
2147483647;380259;141;380259;0;142;380259;0;137;380259;0;142
2147483647;386751;155;2147483647;390745;270;2147483647;390746;269;2147483647;390746;522
2147483647;453870;123;455319;0;147;455319;0;143;455319;0;140
2147483647;385984;108;2147483647;385984;112;2147483647;385984;109;2147483647;385984;369
2147483647;361031;116;2147483647;369178;437;2147483647;369178;435;2147483647;369178;694
2147483647;400658;74;406437;0;256;406437;0;250;406437;0;248
2147483647;379978;94;384342;0;156;384342;0;159;384342;0;152
391824;0;100;391824;0;107;391824;0;102;391824;0;104
2147483647;388371;102;2147483647;390101;162;2147483647;390289;174;2147483647;390289;432
2147483647;391812;62;391812;0;62;391812;0;62;391812;0;67
2147483647;404594;81;404595;0;80;404595;0;86;404595;0;79
2147483647;366688;118;369444;0;164;369444;0;174;369444;0;161
409281;0;38;409281;0;36;409281;0;34;409281;0;34
2147483647;318184;119;318184;0;118;318184;0;122;318184;0;113
2147483647;414893;86;414894;0;86;414894;0;92;414894;0;89
2147483647;381930;105;2147483647;383328;136;2147483647;383328;135;2147483647;383328;391
2147483647;410778;111;2147483647;410778;106;2147483647;410778;113;2147483647;410778;378
2147483647;337637;65;341120;0;110;341120;0;115;341120;0;121
426394;0;169;426394;0;175;426394;0;169;426394;0;168
2147483647;449080;97;2147483647;450974;119;2147483647;450974;120;2147483647;450974;376
2147483647;393247;67;401453;0;175;401453;0;177;401453;0;172
368955;0;50;368955;0;50;368955;0;50;368955;0;50
352649;0;120;352649;0;116;352649;0;117;352649;0;115
400400;0;99;400400;0;94;400400;0;97;400400;0;98
2147483647;404397;42;405787;0;64;405787;0;67;405787;0;64
374660;0;85;374660;0;83;374660;0;85;374660;0;82
2147483647;376571;169;2147483647;378139;213;2147483647;378139;213;2147483647;378139;469
2147483647;434425;93;2147483647;434881;109;2147483647;434881;113;2147483647;434881;369
387729;0;36;387729;0;35;387729;0;35;387729;0;35
2147483647;391661;139;2147483647;392381;153;2147483647;392381;152;2147483647;392381;423
2147483647;386007;180;392324;0;290;392324;0;280;392324;0;282
2147483647;365319;113;369298;0;165;369298;0;166;369298;0;165
2147483647;337021;136;2147483647;337655;161;2147483647;337655;160;2147483647;337655;414
2147483647;419147;124;419147;0;130;419147;0;125;419147;0;123
2147483647;350818;99;355863;0;171;355863;0;175;355863;0;166
371142;0;138;371142;0;140;371142;0;141;371142;0;146
415445;0;100;415445;0;102;415445;0;101;415445;0;103
362441;0;112;362441;0;114;362441;0;111;362441;0;112
2147483647;362956;66;2147483647;366136;144;2147483647;366136;144;2147483647;366136;409
2147483647;370169;77;378804;0;221;378804;0;213;378804;0;214
2147483647;422494;97;2147483647;424038;125;2147483647;424038;117;2147483647;424038;380
2147483647;369753;143;369753;0;149;369753;0;142;369753;0;143
2147483647;367901;58;2147483647;370354;111;2147483647;370354;113;2147483647;370354;368
2147483647;406963;103;412174;0;166;412174;0;152;412174;0;155
385206;0;40;385206;0;47;385206;0;41;385206;0;42
413652;0;50;413652;0;52;413652;0;46;413652;0;46
402440;0;59;402440;0;59;402440;0;61;402440;0;62
2147483647;368290;102;2147483647;368290;102;2147483647;368290;115;2147483647;368290;367
2147483647;385718;103;2147483647;385718;108;2147483647;385718;107;2147483647;385718;374
2147483647;380924;43;2147483647;382730;137;2147483647;382730;142;2147483647;382730;407
2147483647;441272;74;443952;0;131;443952;0;134;443952;0;130
2147483647;369155;92;369156;0;94;369156;0;93;369156;0;90
326418;0;110;326418;0;110;326418;0;106;326418;0;107
2147483647;380782;79;384608;0;123;384608;0;125;384608;0;125
2147483647;386942;177;391966;0;263;391966;0;262;391966;0;255
2147483647;418431;86;2147483647;419692;135;2147483647;419692;128;2147483647;419692;394
2147483647;370478;86;2147483647;371762;112;2147483647;371762;110;2147483647;371762;376
2147483647;382224;93;2147483647;387070;183;2147483647;387070;181;2147483647;387070;452
2147483647;357118;53;357119;0;53;357119;0;54;357119;0;54
378376;0;26;378376;0;26;378376;0;25;378376;0;25
2147483647;407864;72;408926;0;88;408926;0;86;408926;0;85
365041;0;57;365041;0;56;365041;0;56;365041;0;59
354484;0;261;354484;0;260;354484;0;269;354484;0;258
2147483647;415671;109;2147483647;418492;221;2147483647;419643;311;2147483647;419643;567
396400;0;61;396400;0;63;396400;0;62;396400;0;73
2147483647;369372;54;373203;0;196;373203;0;189;373203;0;192
2147483647;360503;117;2147483647;360671;126;2147483647;360671;118;2147483647;360671;385
2147483647;344357;47;2147483647;345311;85;2147483647;345311;91;2147483647;345311;349
420492;0;147;420492;0;155;420492;0;148;420492;0;147
362346;0;112;362346;0;122;362346;0;115;362346;0;120
2147483647;412072;229;412072;0;221;412072;0;220;412072;0;221
2147483647;337432;166;337434;0;171;337434;0;171;337434;0;167
2147483647;323875;80;2147483647;331078;206;2147483647;331078;203;2147483647;331078;461
362428;0;55;362428;0;57;362428;0;60;362428;0;59
386235;0;96;386235;0;90;386235;0;91;386235;0;87
389616;0;34;389616;0;34;389616;0;33;389616;0;33
2147483647;406678;42;2147483647;406678;42;2147483647;406678;42;2147483647;406678;303
391146;0;151;391146;0;157;391146;0;154;391146;0;153
2147483647;399831;103;401190;0;130;401190;0;127;401190;0;136
363172;0;36;363172;0;37;363172;0;39;363172;0;41
2147483647;365833;101;365833;0;101;365833;0;107;365833;0;100
2147483647;320197;95;322569;0;120;322569;0;125;322569;0;118
2147483647;365609;111;2147483647;366029;123;2147483647;366029;119;2147483647;366029;386
2147483647;398570;89;403603;0;189;403603;0;186;403603;0;189
374884;0;91;374884;0;97;374884;0;97;374884;0;92
2147483647;399096;96;399096;0;98;399096;0;99;399096;0;104
2147483647;372015;80;372016;0;76;372016;0;78;372016;0;77
2147483647;410031;134;410032;0;140;410032;0;133;410032;0;133
402879;0;44;402879;0;42;402879;0;43;402879;0;40
2147483647;434564;194;435388;0;225;435388;0;227;435388;0;216
2147483647;428481;141;428482;0;148;428482;0;144;428482;0;139
2147483647;377641;67;377643;0;66;377643;0;65;377643;0;69
371612;0;172;371612;0;177;371612;0;178;371612;0;180
2147483647;413751;100;418203;0;282;418203;0;280;418203;0;275
2147483647;353253;95;2147483647;358298;177;2147483647;358298;174;2147483647;358298;432
2147483647;404990;78;414698;0;183;414698;0;182;414698;0;183
2147483647;404577;74;2147483647;404577;74;2147483647;404577;80;2147483647;404577;332
381192;0;76;381192;0;74;381192;0;75;381192;0;75
388955;0;53;388955;0;52;388955;0;51;388955;0;53
408879;0;40;408879;0;39;408879;0;38;408879;0;38
2147483647;381434;102;2147483647;384863;236;2147483647;385924;353;2147483647;385924;622
345796;0;103;345796;0;103;345796;0;105;345796;0;105
349024;0;58;349024;0;57;349024;0;58;349024;0;59
362727;0;98;362727;0;99;362727;0;97;362727;0;95
2147483647;356444;65;2147483647;364257;158;366767;0;358;366767;0;360
2147483647;419899;52;2147483647;424868;153;2147483647;424868;156;2147483647;424868;408
2147483647;389125;62;2147483647;389883;83;2147483647;389883;85;2147483647;389883;357
430961;0;88;430961;0;88;430961;0;90;430961;0;90
2147483647;398324;142;2147483647;407438;521;2147483647;407439;520;2147483647;407439;774
2147483647;342235;45;342235;0;46;342235;0;45;342235;0;45
366878;0;76;366878;0;70;366878;0;70;366878;0;71
391122;0;122;391122;0;126;391122;0;126;391122;0;120
408788;0;46;408788;0;44;408788;0;45;408788;0;45
342860;0;30;342860;0;28;342860;0;30;342860;0;27
2147483647;347443;89;347444;0;92;347444;0;91;347444;0;87
2147483647;348489;73;348489;0;67;348489;0;70;348489;0;69
2147483647;373973;179;375393;0;224;375393;0;223;375393;0;216
367105;0;74;367105;0;77;367105;0;79;367105;0;75
423357;0;98;423357;0;97;423357;0;101;423357;0;97
2147483647;373787;73;2147483647;392551;233;394557;0;307;394557;0;307
2147483647;354594;56;2147483647;356003;94;356004;0;98;356004;0;95
2147483647;384044;83;384044;0;79;384044;0;88;384044;0;81
410451;0;68;410451;0;67;410451;0;68;410451;0;70
2147483647;354343;110;357887;0;150;357887;0;147;357887;0;152
351626;0;120;351626;0;124;351626;0;123;351626;0;127
2147483647;394199;107;394200;0;107;394200;0;108;394200;0;109
2147483647;373000;92;373002;0;92;373002;0;95;373002;0;92
2147483647;369646;65;2147483647;370272;81;2147483647;370272;82;2147483647;370272;339
400272;0;52;400272;0;50;400272;0;51;400272;0;50
2147483647;358561;109;367054;0;192;367054;0;197;367054;0;188
2147483647;374131;161;374708;0;178;374708;0;170;374708;0;174
2147483647;310438;49;2147483647;312627;115;2147483647;312627;119;2147483647;312627;386
2147483647;401765;155;401774;0;153;401774;0;152;401774;0;152
369821;0;89;369821;0;89;369821;0;100;369821;0;94
2147483647;323049;59;323050;0;56;323050;0;60;323050;0;60
389660;0;29;389660;0;27;389660;0;27;389660;0;26
424128;0;175;424128;0;171;424128;0;171;424128;0;172
2147483647;376812;418;2147483647;380614;519;2147483647;380614;511;2147483647;380614;777
2147483647;409620;83;2147483647;411504;134;2147483647;411504;136;2147483647;411504;397
2147483647;469113;65;2147483647;475574;248;2147483647;475574;248;2147483647;475574;500
385218;0;38;385218;0;36;385218;0;36;385218;0;36
339371;0;81;339371;0;82;339371;0;80;339371;0;79
2147483647;407851;68;2147483647;407851;67;2147483647;407851;71;2147483647;407851;332
2147483647;350414;78;350414;0;78;350414;0;81;350414;0;80
2147483647;397951;105;2147483647;399391;136;2147483647;399391;137;2147483647;399391;399
2147483647;366426;51;368284;0;108;368284;0;112;368284;0;108
345436;0;40;345436;0;41;345436;0;40;345436;0;43
385334;0;54;385334;0;51;385334;0;49;385334;0;50
2147483647;373095;173;2147483647;381493;317;2147483647;382099;345;2147483647;382099;609
405461;0;62;405461;0;57;405461;0;57;405461;0;58
2147483647;404018;92;409041;0;190;409041;0;186;409041;0;187
2147483647;426847;153;426847;0;156;426847;0;158;426847;0;154
433507;0;95;433507;0;97;433507;0;96;433507;0;92
2147483647;418853;128;418854;0;125;418854;0;117;418854;0;126
2147483647;414975;92;2147483647;416419;109;2147483647;416419;113;2147483647;416419;360
2147483647;372088;86;2147483647;372752;103;2147483647;372752;108;2147483647;372752;357
375053;0;47;375053;0;47;375053;0;47;375053;0;47
2147483647;371651;170;2147483647;371651;168;2147483647;371651;170;2147483647;371651;434
2147483647;372834;98;2147483647;372834;99;2147483647;372834;101;2147483647;372834;368
383264;0;70;383264;0;74;383264;0;72;383264;0;73
355602;0;39;355602;0;38;355602;0;35;355602;0;36
2147483647;372709;75;372710;0;78;372710;0;76;372710;0;72
2147483647;323629;127;323629;0;129;323629;0;126;323629;0;137
390741;0;214;390741;0;209;390741;0;205;390741;0;211
396167;0;51;396167;0;52;396167;0;52;396167;0;51
2147483647;363552;113;378714;0;255;378714;0;258;378714;0;254
2147483647;389918;117;2147483647;400462;248;2147483647;400462;242;2147483647;400462;502
2147483647;404904;90;2147483647;410591;311;2147483647;410591;293;2147483647;410591;552
2147483647;399901;77;2147483647;399901;78;2147483647;399901;80;2147483647;399901;344
2147483647;395100;95;397177;0;125;397177;0;125;397177;0;126
2147483647;327233;69;2147483647;328106;89;2147483647;328106;89;2147483647;328106;359
433639;0;97;433639;0;91;433639;0;100;433639;0;91
398397;0;92;398397;0;91;398397;0;91;398397;0;90
360990;0;30;360990;0;30;360990;0;31;360990;0;30
2147483647;424385;40;2147483647;430428;254;2147483647;430428;251;2147483647;430428;501
2147483647;382857;67;2147483647;385427;130;2147483647;385427;133;2147483647;385427;393
2147483647;421417;121;2147483647;421417;127;2147483647;421417;125;2147483647;421417;379
2147483647;371675;55;373065;0;66;373065;0;66;373065;0;67
409020;0;114;409020;0;114;409020;0;107;409020;0;113
2147483647;430876;114;430876;0;113;430876;0;114;430876;0;117
428475;0;122;428475;0;124;428475;0;121;428475;0;122
333731;0;114;333731;0;121;333731;0;115;333731;0;114
2147483647;389736;151;2147483647;392949;212;2147483647;392949;210;2147483647;392949;458
2147483647;380788;138;380790;0;143;380790;0;135;380790;0;142
2147483647;399856;75;400621;0;82;400621;0;86;400621;0;83
2147483647;351203;42;2147483647;351994;56;2147483647;351994;54;2147483647;351994;309
2147483647;403243;97;404616;0;155;404616;0;158;404616;0;157
378983;0;230;378983;0;228;378983;0;245;378983;0;229
2147483647;387829;103;387829;0;110;387829;0;102;387829;0;103
2147483647;396286;131;2147483647;397474;153;397474;0;158;397474;0;148
2147483647;413391;118;413393;0;117;413393;0;113;413393;0;120
2147483647;377075;131;377256;0;136;377256;0;133;377256;0;134
403489;0;155;403489;0;156;403489;0;158;403489;0;156
359506;0;75;359506;0;74;359506;0;78;359506;0;74
386337;0;138;386337;0;137;386337;0;132;386337;0;132
348786;0;72;348786;0;73;348786;0;78;348786;0;72
2147483647;397326;90;398215;0;107;398215;0;112;398215;0;105
2147483647;374846;135;374847;0;134;374847;0;129;374847;0;130
2147483647;347487;218;347490;0;224;347490;0;217;347490;0;218
2147483647;360918;61;361730;0;70;361730;0;68;361730;0;73
401214;0;112;401214;0;112;401214;0;111;401214;0;110
332132;0;49;332132;0;48;332132;0;49;332132;0;47
326720;0;25;326720;0;24;326720;0;23;326720;0;23
2147483647;379652;90;2147483647;381169;135;2147483647;381169;141;2147483647;381169;386
412668;0;62;412668;0;63;412668;0;63;412668;0;67
2147483647;404041;78;412611;0;167;412611;0;160;412611;0;160
427707;0;96;427707;0;96;427707;0;96;427707;0;91
2147483647;363158;115;363158;0;117;363158;0;114;363158;0;112
2147483647;411583;73;413089;0;116;413089;0;105;413089;0;105
380431;0;61;380431;0;63;380431;0;62;380431;0;63
2147483647;376410;121;384504;0;371;384504;0;370;384504;0;357
2147483647;369884;165;375651;0;340;375651;0;336;375651;0;333
2147483647;352886;90;354100;0;124;354100;0;122;354100;0;123
2147483647;275024;144;289110;0;430;289110;0;431;289110;0;417
348215;0;50;348215;0;50;348215;0;49;348215;0;50
364820;0;22;364820;0;20;364820;0;19;364820;0;21
2147483647;367181;40;367501;0;43;367501;0;42;367501;0;43
2147483647;351716;139;2147483647;362126;243;2147483647;362126;245;2147483647;362126;512
394350;0;65;394350;0;65;394350;0;70;394350;0;69
2147483647;343306;78;344821;0;87;344821;0;87;344821;0;92
2147483647;382927;109;387161;0;252;387161;0;254;387161;0;249
2147483647;388440;199;389234;0;221;389234;0;207;389234;0;209
391067;0;85;391067;0;84;391067;0;86;391067;0;87
2147483647;378399;153;378787;0;159;378787;0;160;378787;0;157
371584;0;41;371584;0;39;371584;0;40;371584;0;40
2147483647;417069;101;417070;0;90;417070;0;90;417070;0;92
2147483647;361066;125;361067;0;128;361067;0;125;361067;0;128
2147483647;375406;86;2147483647;378827;152;2147483647;378827;150;2147483647;378827;408
2147483647;387847;61;2147483647;387847;57;2147483647;387847;58;2147483647;387847;325
2147483647;331326;45;331326;0;44;331326;0;45;331326;0;44
2147483647;362792;145;364959;0;187;364959;0;188;364959;0;188
2147483647;311723;121;317659;0;277;317659;0;274;317659;0;275
411461;0;65;411461;0;66;411461;0;64;411461;0;68
2147483647;409645;63;2147483647;409645;63;2147483647;409645;64;2147483647;409645;327
2147483647;379836;66;2147483647;383778;135;2147483647;383778;135;2147483647;383778;398
2147483647;398187;103;2147483647;400309;188;2147483647;400309;185;2147483647;400309;452
2147483647;359425;66;2147483647;359425;71;2147483647;359425;70;2147483647;359425;322
2147483647;386424;112;386424;0;118;386424;0;113;386424;0;114
323414;0;67;323414;0;66;323414;0;63;323414;0;67
2147483647;376952;76;378145;0;87;378145;0;93;378145;0;89
2147483647;382000;93;382001;0;88;382001;0;93;382001;0;88
381320;0;46;381320;0;48;381320;0;44;381320;0;46
2147483647;438928;198;2147483647;438928;193;2147483647;438928;203;2147483647;438928;458
2147483647;385908;98;387993;0;149;387993;0;145;387993;0;152
380686;0;40;380686;0;39;380686;0;40;380686;0;39
399536;0;15;399536;0;13;399536;0;15;399536;0;16
2147483647;348416;33;351797;0;87;351797;0;98;351797;0;93
2147483647;423560;102;2147483647;434058;292;2147483647;434817;343;2147483647;434817;616
2147483647;384231;84;2147483647;389548;183;2147483647;389548;181;2147483647;389548;456
2147483647;353896;62;2147483647;353896;56;2147483647;353896;56;2147483647;353896;315
405275;0;98;405275;0;98;405275;0;98;405275;0;97
2147483647;337639;71;2147483647;346637;284;2147483647;346637;278;2147483647;346637;543
2147483647;419111;72;419111;0;72;419111;0;77;419111;0;72
2147483647;417085;94;2147483647;418314;145;2147483647;419185;197;2147483647;419185;460
460775;0;90;460775;0;87;460775;0;89;460775;0;92
2147483647;307509;79;2147483647;314291;207;2147483647;314291;210;2147483647;314291;523
2147483647;387252;56;2147483647;389650;164;2147483647;389650;153;2147483647;389650;407
2147483647;398137;136;2147483647;403329;280;2147483647;403329;267;2147483647;403329;535
2147483647;386184;100;386240;0;99;386240;0;100;386240;0;109
2147483647;310271;80;310272;0;82;310272;0;85;310272;0;80
2147483647;377760;29;2147483647;386907;138;2147483647;386907;134;2147483647;386907;387
378628;0;98;378628;0;91;378628;0;93;378628;0;88
350433;0;43;350433;0;43;350433;0;41;350433;0;43
359230;0;51;359230;0;48;359230;0;48;359230;0;48
2147483647;420683;110;421473;0;130;421473;0;116;421473;0;117
2147483647;419962;44;2147483647;420416;50;2147483647;420416;52;2147483647;420416;311
2147483647;408358;92;409585;0;96;409585;0;101;409585;0;98
342242;0;104;342242;0;104;342242;0;108;342242;0;110
377295;0;66;377295;0;65;377295;0;66;377295;0;69
2147483647;372814;176;2147483647;373975;209;2147483647;373975;208;2147483647;373975;467
2147483647;381100;147;2147483647;382019;165;2147483647;382019;162;2147483647;382019;427
2147483647;413117;265;2147483647;415237;349;2147483647;415237;338;2147483647;415237;597
2147483647;343910;59;343910;0;60;343910;0;65;343910;0;61
413031;0;35;413031;0;36;413031;0;36;413031;0;34
395607;0;79;395607;0;72;395607;0;73;395607;0;73
2147483647;380727;80;382689;0;152;382689;0;146;382689;0;150
2147483647;368289;104;386085;0;339;386085;0;337;386085;0;338
2147483647;413062;115;2147483647;413062;120;2147483647;413062;117;2147483647;413062;386
384296;0;48;384296;0;47;384296;0;50;384296;0;47
402316;0;56;402316;0;60;402316;0;54;402316;0;53
2147483647;422040;167;427901;0;227;427901;0;229;427901;0;222
2147483647;356052;103;358340;0;138;358340;0;133;358340;0;134
2147483647;413343;80;2147483647;415627;108;2147483647;417172;283;2147483647;417172;544
2147483647;358249;104;359088;0;128;359088;0;126;359088;0;136
412959;0;42;412959;0;40;412959;0;42;412959;0;39
2147483647;381044;141;2147483647;384435;233;2147483647;384435;228;2147483647;384435;489
2147483647;367394;86;373998;0;160;373998;0;160;373998;0;165
2147483647;365551;170;2147483647;365833;181;2147483647;365833;178;2147483647;365833;434
2147483647;325636;88;325637;0;92;325637;0;91;325637;0;88
389086;0;104;389086;0;111;389086;0;110;389086;0;104
2147483647;343098;99;2147483647;343380;112;2147483647;343380;111;2147483647;343380;373
2147483647;348324;37;348624;0;40;348624;0;40;348624;0;41
332579;0;59;332579;0;55;332579;0;56;332579;0;60
2147483647;422849;81;427093;0;161;427093;0;158;427093;0;160
2147483647;418834;79;420290;0;136;420290;0;131;420290;0;132
436104;0;67;436104;0;60;436104;0;60;436104;0;61
369671;0;55;369671;0;54;369671;0;55;369671;0;61
2147483647;381025;112;381025;0;114;381025;0;112;381025;0;114
2147483647;342548;145;343768;0;168;343768;0;169;343768;0;172
2147483647;419711;130;2147483647;419711;130;2147483647;419711;136;2147483647;419711;386
2147483647;382622;102;390983;0;213;390983;0;207;390983;0;212
2147483647;393340;84;396277;0;148;396277;0;147;396277;0;152
390470;0;109;390470;0;106;390470;0;103;390470;0;104
356704;0;180;356704;0;184;356704;0;180;356704;0;179
388330;0;124;388330;0;124;388330;0;125;388330;0;125
2147483647;388996;57;2147483647;397236;267;2147483647;397236;284;2147483647;397236;569
410282;0;104;410282;0;96;410282;0;97;410282;0;107
381276;0;28;381276;0;29;381276;0;29;381276;0;29
2147483647;411299;119;2147483647;411299;117;2147483647;411299;119;2147483647;411299;374
312460;0;112;312460;0;114;312460;0;114;312460;0;115
2147483647;327271;75;346053;0;346;346053;0;350;346053;0;345
343516;0;92;343516;0;94;343516;0;97;343516;0;99
2147483647;323123;155;2147483647;324894;189;2147483647;324894;189;2147483647;324894;445
2147483647;431791;78;2147483647;436562;233;2147483647;436562;235;2147483647;436562;487
2147483647;412359;58;413570;0;76;413570;0;79;413570;0;76
352391;0;59;352391;0;60;352391;0;58;352391;0;61
2147483647;404543;90;406044;0;106;406044;0;119;406044;0;114
2147483647;412036;97;414042;0;197;414042;0;204;414042;0;198
2147483647;427260;228;428980;0;260;428980;0;253;428980;0;254
385903;0;30;385903;0;28;385903;0;29;385903;0;30
2147483647;358937;69;377624;0;223;377624;0;228;377624;0;229
358729;0;76;358729;0;70;358729;0;73;358729;0;71
425445;0;86;425445;0;85;425445;0;93;425445;0;90
2147483647;430132;79;432649;0;112;432649;0;116;432649;0;116
365716;0;74;365716;0;74;365716;0;74;365716;0;74
2147483647;360170;173;2147483647;364485;291;364485;0;285;364485;0;287
325038;0;23;325038;0;22;325038;0;22;325038;0;28
2147483647;375380;134;2147483647;375380;135;2147483647;375380;138;2147483647;375380;397
2147483647;382940;84;386725;0;165;386725;0;162;386725;0;161
356654;0;72;356654;0;69;356654;0;67;356654;0;66
2147483647;356836;63;2147483647;359245;161;2147483647;359245;162;2147483647;359245;409
378366;0;70;378366;0;69;378366;0;71;378366;0;75
414737;0;139;414737;0;140;414737;0;143;414737;0;139
365484;0;57;365484;0;52;365484;0;51;365484;0;58
334877;0;29;334877;0;31;334877;0;30;334877;0;30
2147483647;357349;68;358044;0;82;358044;0;81;358044;0;79
2147483647;422936;143;2147483647;426067;246;2147483647;426067;247;2147483647;426067;506
389788;0;74;389788;0;73;389788;0;78;389788;0;74
2147483647;411024;45;2147483647;416999;118;2147483647;417500;155;2147483647;417500;401
2147483647;358821;99;358823;0;101;358823;0;102;358823;0;100
2147483647;372257;61;372972;0;66;372972;0;67;372972;0;70
407072;0;78;407072;0;75;407072;0;81;407072;0;77
319947;0;120;319947;0;115;319947;0;110;319947;0;110
2147483647;463701;159;463701;0;161;463701;0;168;463701;0;171
2147483647;331136;178;334289;0;227;334289;0;224;334289;0;226
391752;0;54;391752;0;48;391752;0;49;391752;0;54
382538;0;227;382538;0;216;382538;0;223;382538;0;217
2147483647;368000;46;2147483647;368110;47;2147483647;368110;46;2147483647;368110;318
2147483647;401038;121;2147483647;401038;128;2147483647;401038;121;2147483647;401038;381
359281;0;91;359281;0;92;359281;0;92;359281;0;90
2147483647;427067;78;427067;0;72;427067;0;73;427067;0;72
2147483647;451185;91;2147483647;453737;157;2147483647;453737;159;2147483647;453737;426
2147483647;413542;123;413543;0;126;413543;0;118;413543;0;119
2147483647;348511;136;349531;0;146;349531;0;144;349531;0;144
2147483647;354471;122;354472;0;120;354472;0;119;354472;0;125
2147483647;411487;113;412648;0;145;412648;0;138;412648;0;138
2147483647;400993;115;2147483647;404907;183;2147483647;404907;177;2147483647;404907;432
416057;0;82;416057;0;82;416057;0;85;416057;0;83
395765;0;53;395765;0;51;395765;0;52;395765;0;54
2147483647;324063;81;324063;0;78;324063;0;80;324063;0;83
2147483647;390044;80;391604;0;100;391604;0;104;391604;0;104
2147483647;383970;64;399119;0;234;399119;0;237;399119;0;237
351574;0;50;351574;0;48;351574;0;48;351574;0;48
388210;0;130;388210;0;133;388210;0;130;388210;0;129
385228;0;205;385228;0;210;385228;0;202;385228;0;219
2147483647;306908;184;313599;0;357;313599;0;348;313599;0;351
2147483647;382793;169;384728;0;204;384728;0;200;384728;0;193
2147483647;357298;98;2147483647;358671;127;2147483647;358671;125;2147483647;358671;385
376532;0;37;376532;0;35;376532;0;36;376532;0;37
384189;0;20;384189;0;19;384189;0;21;384189;0;21
2147483647;438261;141;2147483647;442320;195;2147483647;442320;196;2147483647;442320;447
345963;0;38;345963;0;37;345963;0;37;345963;0;37
436899;0;93;436899;0;96;436899;0;97;436899;0;96
347011;0;64;347011;0;64;347011;0;64;347011;0;66
403096;0;68;403096;0;79;403096;0;72;403096;0;75
2147483647;390957;56;2147483647;395938;157;2147483647;395938;170;2147483647;395938;416
363908;0;105;363908;0;108;363908;0;104;363908;0;102
2147483647;407272;131;412638;0;195;412638;0;195;412638;0;193
2147483647;411535;100;411535;0;106;411535;0;101;411535;0;105
2147483647;367296;95;2147483647;367296;103;2147483647;367296;103;2147483647;367296;343
363312;0;22;363312;0;29;363312;0;23;363312;0;22
