2147483647;4718;4;2147483647;4762;9;2147483647;4779;262147483647;4779;788
4205;0;2;4205;0;3;4205;0;34205;0;2
2147483647;5003;3;5026;0;5;5026;0;45026;0;5
2147483647;4287;5;2147483647;4319;8;2147483647;4319;102147483647;4319;525
2147483647;4699;1;2147483647;4699;1;2147483647;4699;32147483647;4699;641
4522;0;4;4522;0;2;4522;0;34522;0;2
4842;0;3;4842;0;3;4842;0;44842;0;4
2147483647;4606;4;2147483647;4646;9;2147483647;4646;122147483647;4646;549
4614;0;3;4614;0;3;4614;0;34614;0;3
4346;0;2;4346;0;1;4346;0;14346;0;1
2147483647;4111;4;2147483647;4117;3;4117;0;44117;0;4
2147483647;4022;4;2147483647;4049;5;2147483647;4049;72147483647;4049;557
2147483647;4606;3;2147483647;4650;5;2147483647;4655;92147483647;4655;517
2147483647;4834;5;2147483647;4852;6;2147483647;4852;82147483647;4852;550
4663;0;1;4663;0;0;4663;0;14663;0;1
2147483647;4741;1;2147483647;4766;3;2147483647;4766;52147483647;4766;496
2147483647;4743;3;4745;0;2;4745;0;34745;0;2
2147483647;4298;2;2147483647;4305;2;2147483647;4305;42147483647;4305;489
2147483647;4710;3;2147483647;4759;5;4759;0;54759;0;5
2147483647;4543;3;2147483647;4584;7;2147483647;4584;82147483647;4584;505
4555;0;1;4555;0;2;4555;0;14555;0;1
2147483647;4669;3;4773;0;4;4773;0;54773;0;5
2147483647;4749;3;4751;0;2;4751;0;24751;0;2
2147483647;4446;3;2147483647;4534;8;2147483647;4534;102147483647;4534;505
2147483647;4566;2;2147483647;4579;2;2147483647;4579;52147483647;4579;499
2147483647;4368;2;2147483647;4377;4;2147483647;4377;52147483647;4377;503
2147483647;3844;2;3923;0;3;3923;0;43923;0;4
2147483647;4646;2;2147483647;4677;4;4678;0;44678;0;4
2147483647;4765;2;2147483647;4775;2;2147483647;4775;42147483647;4775;499
2147483647;4292;2;2147483647;4314;4;2147483647;4314;62147483647;4314;503
2147483647;4297;1;2147483647;4344;6;2147483647;4352;82147483647;4352;548
2147483647;4193;3;2147483647;4198;3;2147483647;4198;62147483647;4198;514
2147483647;4760;4;2147483647;4762;4;2147483647;4762;52147483647;4762;497
2147483647;4151;3;2147483647;4167;3;2147483647;4167;32147483647;4167;508
2147483647;5062;3;2147483647;5077;5;2147483647;5077;62147483647;5077;508
2147483647;4572;1;2147483647;4676;12;2147483647;4676;132147483647;4676;594
2147483647;4496;1;2147483647;4521;4;2147483647;4521;52147483647;4521;504
2147483647;4537;3;2147483647;4561;5;2147483647;4561;62147483647;4561;518
2147483647;4720;3;2147483647;4740;5;4741;0;54741;0;6
2147483647;4477;2;2147483647;4477;2;2147483647;4477;42147483647;4477;506
4705;0;2;4705;0;1;4705;0;14705;0;0
2147483647;4528;2;4549;0;4;4549;0;34549;0;4
2147483647;4842;2;2147483647;4867;2;2147483647;4867;72147483647;4867;490
4611;0;2;4611;0;2;4611;0;24611;0;2
2147483647;4725;2;2147483647;4738;4;2147483647;4738;52147483647;4738;511
2147483647;4562;3;2147483647;4617;6;2147483647;4617;82147483647;4617;524
2147483647;4646;2;2147483647;4732;6;2147483647;4734;72147483647;4734;507
2147483647;4749;7;2147483647;4759;7;2147483647;4759;92147483647;4759;523
2147483647;4530;2;2147483647;4531;2;2147483647;4531;42147483647;4531;499
4436;0;2;4436;0;2;4436;0;24436;0;2
2147483647;4599;2;2147483647;4655;7;2147483647;4655;92147483647;4655;502
2147483647;4600;3;2147483647;4604;4;2147483647;4604;52147483647;4604;496
2147483647;4085;3;2147483647;4131;4;2147483647;4131;52147483647;4131;507
2147483647;4747;2;2147483647;4747;2;2147483647;4747;42147483647;4747;491
2147483647;4493;4;2147483647;4509;4;2147483647;4509;62147483647;4509;494
2147483647;4689;1;2147483647;4703;2;2147483647;4703;42147483647;4703;510
2147483647;4550;2;2147483647;4550;2;2147483647;4550;42147483647;4550;511
2147483647;4468;3;2147483647;4548;9;2147483647;4548;112147483647;4548;514
2147483647;4946;2;2147483647;5036;6;2147483647;5044;92147483647;5044;522
2147483647;4261;4;4290;0;5;4290;0;54290;0;5
2147483647;5024;0;2147483647;5024;0;2147483647;5024;32147483647;5024;513
2147483647;5010;3;2147483647;5011;3;2147483647;5023;102147483647;5023;563
2147483647;4822;2;2147483647;4824;2;2147483647;4870;132147483647;4870;515
2147483647;4482;2;2147483647;4490;4;2147483647;4490;62147483647;4490;507
2147483647;5066;3;2147483647;5101;6;2147483647;5107;92147483647;5107;498
2147483647;4328;3;2147483647;4418;7;4418;0;74418;0;8
4741;0;3;4741;0;2;4741;0;24741;0;2
2147483647;4422;2;2147483647;4521;4;2147483647;4521;62147483647;4521;509
2147483647;4446;2;2147483647;4467;3;2147483647;4467;42147483647;4467;510
2147483647;4255;2;2147483647;4255;2;2147483647;4255;42147483647;4255;500
4415;0;1;4415;0;0;4415;0;14415;0;0
3903;0;2;3903;0;1;3903;0;13903;0;2
2147483647;4144;1;4200;0;3;4200;0;24200;0;3
2147483647;4887;6;2147483647;4934;12;2147483647;4936;142147483647;4936;515
2147483647;4613;2;4613;0;2;4613;0;24613;0;2
4544;0;1;4544;0;1;4544;0;14544;0;1
2147483647;4274;1;2147483647;4288;2;2147483647;4288;42147483647;4288;508
2147483647;4796;2;2147483647;4842;4;2147483647;4842;62147483647;4842;515
2147483647;4613;3;4634;0;3;4634;0;44634;0;3
2147483647;4471;2;2147483647;4505;4;4506;0;54506;0;4
2147483647;4826;4;2147483647;4855;6;2147483647;4870;112147483647;4870;513
2147483647;4371;3;2147483647;4473;7;2147483647;4473;92147483647;4473;494
2147483647;4864;2;2147483647;4898;5;2147483647;4898;72147483647;4898;499
2147483647;4705;6;2147483647;4736;7;2147483647;4736;92147483647;4736;503
2147483647;4653;2;2147483647;4779;13;2147483647;4779;142147483647;4779;510
2147483647;4437;2;2147483647;4463;3;4464;0;44464;0;4
2147483647;4655;2;2147483647;4710;4;2147483647;4710;62147483647;4710;504
2147483647;4567;3;2147483647;4601;6;4601;0;64601;0;7
2147483647;4526;2;4547;0;2;4547;0;34547;0;2
2147483647;4762;5;4808;0;8;4808;0;74808;0;9
2147483647;4513;1;4529;0;3;4529;0;44529;0;3
2147483647;4529;4;2147483647;4545;4;2147483647;4545;62147483647;4545;552
2147483647;4456;3;2147483647;4480;5;2147483647;4491;82147483647;4491;515
2147483647;4556;1;2147483647;4593;3;2147483647;4593;42147483647;4593;501
2147483647;4509;2;2147483647;4531;2;2147483647;4531;52147483647;4531;503
2147483647;4551;3;2147483647;4567;5;2147483647;4567;62147483647;4567;502
2147483647;4626;4;2147483647;4641;5;2147483647;4641;82147483647;4641;498
2147483647;3974;3;4020;0;8;4020;0;84020;0;6
4494;0;2;4494;0;2;4494;0;24494;0;3
2147483647;4394;2;4394;0;3;4394;0;24394;0;2
4281;0;2;4281;0;1;4281;0;24281;0;1
2147483647;3991;2;2147483647;4175;5;2147483647;4175;82147483647;4175;500
4412;0;1;4412;0;0;4412;0;14412;0;0
2147483647;4530;2;2147483647;4533;2;2147483647;4533;42147483647;4533;505
2147483647;4716;2;2147483647;4717;2;2147483647;4717;42147483647;4717;504
2147483647;4042;2;2147483647;4045;3;2147483647;4045;52147483647;4045;498
4462;0;2;4462;0;1;4462;0;14462;0;2
2147483647;4386;3;2147483647;4411;4;2147483647;4411;62147483647;4411;517
2147483647;4608;2;2147483647;4763;10;4777;0;114777;0;12
2147483647;4768;2;2147483647;4792;2;2147483647;4792;52147483647;4792;504
2147483647;4488;2;4489;0;1;4489;0;24489;0;2
2147483647;4732;3;2147483647;4777;4;2147483647;4777;72147483647;4777;494
2147483647;4367;2;2147483647;4404;3;2147483647;4405;72147483647;4405;490
2147483647;5092;2;2147483647;5141;5;2147483647;5141;72147483647;5141;498
2147483647;4646;2;2147483647;4711;4;2147483647;4712;72147483647;4712;509
2147483647;4087;2;2147483647;4109;3;2147483647;4109;52147483647;4109;504
5036;0;3;5036;0;3;5036;0;35036;0;3
2147483647;4488;3;2147483647;4499;4;2147483647;4499;52147483647;4499;500
2147483647;5139;3;2147483647;5147;4;2147483647;5147;62147483647;5147;505
2147483647;4145;2;4148;0;2;4148;0;24148;0;2
2147483647;5000;3;2147483647;5021;4;2147483647;5021;62147483647;5021;499
2147483647;4515;2;4515;0;3;4515;0;24515;0;3
4316;0;1;4316;0;1;4316;0;14316;0;1
2147483647;4894;4;2147483647;4977;9;2147483647;4980;112147483647;4980;507
4516;0;1;4516;0;2;4516;0;14516;0;1
2147483647;4416;2;4417;0;1;4417;0;24417;0;1
2147483647;4491;4;2147483647;4549;7;2147483647;4558;132147483647;4558;515
4181;0;1;4181;0;1;4181;0;14181;0;1
2147483647;4342;2;2147483647;4342;1;2147483647;4342;42147483647;4342;500
2147483647;4195;2;2147483647;4247;5;2147483647;4247;72147483647;4247;510
2147483647;4134;1;2147483647;4179;3;4180;0;34180;0;3
2147483647;4574;2;4593;0;2;4593;0;34593;0;3
2147483647;4891;2;2147483647;4896;2;2147483647;4896;42147483647;4896;500
2147483647;4844;3;2147483647;4904;6;2147483647;4909;112147483647;4909;516
2147483647;4327;2;2147483647;4399;5;4400;0;44400;0;4
2147483647;4477;1;2147483647;4533;5;2147483647;4533;62147483647;4533;504
2147483647;4035;1;4045;0;2;4045;0;14045;0;2
2147483647;4215;3;2147483647;4313;7;4313;0;84313;0;7
2147483647;3903;1;3931;0;3;3931;0;23931;0;3
2147483647;4849;3;2147483647;4864;4;2147483647;4864;52147483647;4864;497
2147483647;4136;2;2147483647;4136;2;2147483647;4136;32147483647;4136;514
2147483647;4102;2;2147483647;4102;1;2147483647;4102;42147483647;4102;502
2147483647;4547;2;2147483647;4589;5;2147483647;4589;62147483647;4589;512
2147483647;4000;2;2147483647;4004;2;2147483647;4004;32147483647;4004;519
4521;0;2;4521;0;3;4521;0;24521;0;2
2147483647;4582;2;2147483647;4597;5;2147483647;4597;72147483647;4597;508
4552;0;1;4552;0;1;4552;0;24552;0;1
2147483647;4815;2;2147483647;4826;3;2147483647;4826;52147483647;4826;503
2147483647;4273;2;4285;0;3;4285;0;34285;0;3
4054;0;2;4054;0;2;4054;0;14054;0;2
2147483647;4105;2;2147483647;4145;4;2147483647;4155;82147483647;4155;491
2147483647;4391;4;2147483647;4407;4;2147483647;4407;62147483647;4407;494
2147483647;5038;3;2147483647;5060;5;5061;0;55061;0;5
2147483647;4742;2;2147483647;4764;3;2147483647;4764;42147483647;4764;486
2147483647;4642;2;2147483647;4661;4;2147483647;4661;52147483647;4661;500
4707;0;1;4707;0;2;4707;0;14707;0;1
2147483647;4303;2;4310;0;2;4310;0;24310;0;2
2147483647;4665;3;2147483647;4678;5;2147483647;4678;52147483647;4678;507
2147483647;4669;3;4675;0;3;4675;0;34675;0;2
2147483647;4527;4;4631;0;9;4631;0;84631;0;7
2147483647;4419;3;2147483647;4508;5;2147483647;4508;82147483647;4508;507
2147483647;4933;3;2147483647;4970;4;2147483647;4970;102147483647;4970;502
2147483647;4801;5;2147483647;4825;7;4825;0;84825;0;7
2147483647;4447;2;4456;0;2;4456;0;34456;0;2
4660;0;1;4660;0;2;4660;0;14660;0;1
2147483647;4854;2;2147483647;4856;2;2147483647;4856;52147483647;4856;501
4046;0;0;4046;0;1;4046;0;04046;0;1
2147483647;4336;3;4337;0;2;4337;0;24337;0;3
2147483647;4433;1;2147483647;4513;10;2147483647;4514;112147483647;4514;505
2147483647;4960;2;4974;0;3;4974;0;34974;0;3
2147483647;4355;3;2147483647;4367;3;2147483647;4367;62147483647;4367;500
2147483647;4596;3;4624;0;3;4624;0;34624;0;3
2147483647;4443;4;2147483647;4524;7;2147483647;4524;92147483647;4524;590
2147483647;4211;3;2147483647;4211;3;2147483647;4211;62147483647;4211;506
2147483647;4191;2;2147483647;4197;2;2147483647;4197;42147483647;4197;493
2147483647;4573;3;4574;0;2;4574;0;34574;0;3
2147483647;4169;1;2147483647;4186;3;2147483647;4186;52147483647;4186;496
2147483647;4288;6;2147483647;4352;7;2147483647;4352;92147483647;4352;499
2147483647;4669;1;2147483647;4669;2;2147483647;4669;32147483647;4669;489
2147483647;4803;3;2147483647;4826;3;2147483647;4826;52147483647;4826;498
2147483647;4006;2;4021;0;2;4021;0;24021;0;2
4893;0;2;4893;0;1;4893;0;14893;0;1
4015;0;2;4015;0;1;4015;0;24015;0;1
2147483647;4194;1;2147483647;4205;2;2147483647;4205;42147483647;4205;486
2147483647;4249;2;2147483647;4330;9;2147483647;4332;92147483647;4332;513
2147483647;4502;3;4517;0;5;4517;0;44517;0;4
2147483647;4678;3;4708;0;3;4708;0;44708;0;3
2147483647;4710;3;4756;0;4;4756;0;44756;0;5
2147483647;4805;1;2147483647;4805;2;2147483647;4805;32147483647;4805;498
2147483647;4617;3;4633;0;3;4633;0;44633;0;3
2147483647;4478;2;2147483647;4539;5;2147483647;4539;82147483647;4539;496
2147483647;4621;1;2147483647;4629;2;2147483647;4629;32147483647;4629;504
2147483647;4739;2;2147483647;4777;6;4778;0;54778;0;5
2147483647;3884;1;2147483647;3935;6;2147483647;3935;82147483647;3935;493
2147483647;4866;2;2147483647;4881;3;2147483647;4881;42147483647;4881;496
2147483647;4731;2;4735;0;2;4735;0;14735;0;3
2147483647;4238;4;2147483647;4278;6;2147483647;4278;72147483647;4278;504
2147483647;4771;2;2147483647;4833;5;2147483647;4833;62147483647;4833;499
2147483647;4620;3;4642;0;5;4642;0;54642;0;5
2147483647;4104;1;2147483647;4106;2;2147483647;4106;42147483647;4106;498
2147483647;3911;4;4000;0;8;4000;0;84000;0;7
2147483647;4069;3;4070;0;2;4070;0;24070;0;2
2147483647;4030;1;2147483647;4030;1;2147483647;4030;22147483647;4030;503
2147483647;4814;2;2147483647;4814;2;2147483647;4814;42147483647;4814;493
2147483647;4732;3;2147483647;4732;2;2147483647;4732;42147483647;4732;499
2147483647;4557;3;2147483647;4557;2;2147483647;4557;42147483647;4557;494
2147483647;4763;2;2147483647;4775;2;4776;0;24776;0;2
2147483647;4383;2;4390;0;3;4390;0;24390;0;2
2147483647;4255;5;4256;0;5;4256;0;54256;0;4
2147483647;5004;5;2147483647;5004;5;2147483647;5004;72147483647;5004;493
2147483647;4594;2;2147483647;4594;2;2147483647;4594;32147483647;4594;495
2147483647;4645;3;2147483647;4661;4;4662;0;54662;0;3
2147483647;4294;1;2147483647;4363;3;2147483647;4363;62147483647;4363;488
2147483647;4406;2;2147483647;4417;3;4418;0;24418;0;3
2147483647;5068;2;2147483647;5118;3;2147483647;5118;52147483647;5118;483
2147483647;4426;2;2147483647;4465;5;2147483647;4465;62147483647;4465;505
2147483647;4993;4;2147483647;5034;5;5040;0;85040;0;6
2147483647;4690;3;2147483647;4722;4;2147483647;4737;112147483647;4737;504
2147483647;4666;3;4682;0;3;4682;0;44682;0;3
2147483647;4616;3;2147483647;4616;2;2147483647;4616;42147483647;4616;516
4015;0;7;4015;0;8;4015;0;64015;0;7
2147483647;4593;5;2147483647;4721;13;2147483647;4721;162147483647;4721;543
4675;0;1;4675;0;0;4675;0;14675;0;0
2147483647;4547;1;2147483647;4553;2;2147483647;4553;32147483647;4553;517
2147483647;4767;1;2147483647;4780;2;2147483647;4780;52147483647;4780;482
2147483647;4360;2;2147483647;4360;3;2147483647;4360;42147483647;4360;492
2147483647;4945;2;2147483647;4999;6;2147483647;5006;92147483647;5006;565
2147483647;4470;3;4490;0;5;4490;0;54490;0;5
2147483647;4339;2;2147483647;4356;4;4369;0;64369;0;7
2147483647;4238;2;4246;0;2;4246;0;24246;0;2
4625;0;2;4625;0;2;4625;0;24625;0;2
2147483647;4924;3;2147483647;5012;8;2147483647;5012;112147483647;5012;492
2147483647;4975;3;2147483647;4983;3;2147483647;4983;52147483647;4983;492
2147483647;4636;3;2147483647;4648;4;4648;0;44648;0;4
2147483647;4459;1;2147483647;4459;1;2147483647;4459;42147483647;4459;551
2147483647;4527;2;2147483647;4606;9;2147483647;4606;92147483647;4606;498
2147483647;4476;4;2147483647;4476;4;2147483647;4476;62147483647;4476;511
2147483647;4540;2;4542;0;2;4542;0;14542;0;2
4929;0;2;4929;0;1;4929;0;34929;0;1
2147483647;4247;1;2147483647;4365;9;2147483647;4367;112147483647;4367;503
2147483647;4432;3;4432;0;2;4432;0;24432;0;2
2147483647;4349;2;2147483647;4356;2;2147483647;4356;42147483647;4356;503
2147483647;4651;1;2147483647;4681;4;2147483647;4681;52147483647;4681;497
2147483647;4799;4;2147483647;4799;3;2147483647;4799;62147483647;4799;495
2147483647;4294;4;2147483647;4295;4;2147483647;4295;62147483647;4295;486
2147483647;4766;4;2147483647;4815;8;2147483647;4815;82147483647;4815;539
4721;0;2;4721;0;2;4721;0;24721;0;2
2147483647;4623;2;4702;0;6;4702;0;74702;0;6
2147483647;3748;3;2147483647;3814;7;2147483647;3815;82147483647;3815;491
2147483647;4975;3;2147483647;5005;6;2147483647;5005;72147483647;5005;490
2147483647;4228;3;4241;0;4;4241;0;44241;0;4
2147483647;4413;3;2147483647;4419;4;2147483647;4433;72147483647;4433;492
2147483647;4631;4;2147483647;4751;9;2147483647;4751;122147483647;4751;522
2147483647;4484;2;4545;0;3;4545;0;54545;0;4
2147483647;4746;4;4780;0;6;4780;0;84780;0;6
2147483647;4660;2;2147483647;4697;4;2147483647;4697;62147483647;4697;502
2147483647;4411;2;2147483647;4411;3;2147483647;4411;42147483647;4411;489
4086;0;2;4086;0;3;4086;0;24086;0;2
2147483647;4320;2;2147483647;4385;9;4386;0;84386;0;10
2147483647;4551;1;4576;0;3;4576;0;34576;0;3
2147483647;4552;1;2147483647;4582;5;2147483647;4598;92147483647;4598;506
2147483647;5028;2;5028;0;1;5028;0;25028;0;1
2147483647;4499;1;2147483647;4507;2;2147483647;4507;52147483647;4507;490
2147483647;4307;1;2147483647;4307;2;2147483647;4307;32147483647;4307;488
2147483647;4424;4;4431;0;4;4431;0;54431;0;4
2147483647;4490;3;2147483647;4586;8;4591;0;104591;0;8
4022;0;0;4022;0;0;4022;0;04022;0;0
2147483647;4810;3;2147483647;4854;5;2147483647;4859;82147483647;4859;489
2147483647;4045;2;2147483647;4073;4;2147483647;4073;52147483647;4073;499
2147483647;4176;2;4202;0;4;4202;0;44202;0;3
2147483647;4604;1;2147483647;4620;3;2147483647;4620;52147483647;4620;492
2147483647;4526;2;2147483647;4546;3;2147483647;4546;62147483647;4546;493
3862;0;1;3862;0;1;3862;0;13862;0;0
2147483647;4961;2;2147483647;4981;2;4982;0;24982;0;3
4620;0;1;4620;0;2;4620;0;14620;0;1
2147483647;4447;3;2147483647;4464;3;2147483647;4464;42147483647;4464;492
2147483647;4481;3;2147483647;4535;5;2147483647;4547;102147483647;4547;500
2147483647;4659;2;2147483647;4709;3;2147483647;4709;62147483647;4709;499
2147483647;4360;2;2147483647;4363;2;2147483647;4363;42147483647;4363;483
2147483647;4441;2;4442;0;1;4442;0;24442;0;2
2147483647;4639;2;2147483647;4645;2;2147483647;4645;42147483647;4645;495
2147483647;4785;1;4800;0;4;4800;0;34800;0;2
2147483647;4711;2;2147483647;4732;3;2147483647;4732;42147483647;4732;486
2147483647;4316;4;4322;0;3;4322;0;34322;0;4
2147483647;4307;2;4323;0;2;4323;0;34323;0;4
2147483647;4628;3;4843;0;12;4843;0;124843;0;13
2147483647;4583;4;2147483647;4613;8;2147483647;4613;92147483647;4613;493
2147483647;4835;4;4851;0;5;4851;0;54851;0;5
2147483647;4773;2;2147483647;4800;5;2147483647;4800;62147483647;4800;500
2147483647;4292;2;2147483647;4365;7;2147483647;4365;92147483647;4365;495
2147483647;3960;6;2147483647;3975;6;2147483647;3975;92147483647;3975;493
2147483647;4203;2;4208;0;2;4208;0;34208;0;2
2147483647;4342;3;2147483647;4364;4;2147483647;4364;52147483647;4364;485
2147483647;4626;1;2147483647;4633;3;2147483647;4633;52147483647;4633;498
2147483647;4753;1;2147483647;4753;1;2147483647;4753;42147483647;4753;491
2147483647;4833;2;2147483647;4860;2;2147483647;4860;52147483647;4860;482
2147483647;4585;3;2147483647;4603;5;4603;0;44603;0;4
2147483647;4435;1;2147483647;4462;2;2147483647;4483;102147483647;4483;586
2147483647;4583;2;2147483647;4583;2;2147483647;4583;42147483647;4583;488
2147483647;4380;3;2147483647;4500;6;2147483647;4500;82147483647;4500;488
2147483647;4331;2;4360;0;5;4360;0;34360;0;3
2147483647;4240;2;2147483647;4264;3;2147483647;4264;52147483647;4264;503
2147483647;4495;1;2147483647;4506;2;2147483647;4506;32147483647;4506;589
2147483647;3927;2;4048;0;5;4048;0;64048;0;5
2147483647;4478;4;2147483647;4571;6;2147483647;4571;82147483647;4571;498
4462;0;2;4462;0;2;4462;0;24462;0;1
2147483647;4424;2;2147483647;4438;3;2147483647;4438;62147483647;4438;483
2147483647;4601;2;4609;0;3;4609;0;34609;0;3
2147483647;4779;1;4782;0;2;4782;0;14782;0;2
2147483647;4483;1;2147483647;4589;7;2147483647;4589;82147483647;4589;500
2147483647;4164;2;4225;0;4;4225;0;34225;0;3
4313;0;0;4313;0;1;4313;0;14313;0;1
2147483647;4919;2;4937;0;4;4937;0;34937;0;3
2147483647;3736;1;2147483647;3767;3;2147483647;3767;42147483647;3767;497
2147483647;4687;2;2147483647;4697;3;2147483647;4697;52147483647;4697;490
2147483647;4673;2;2147483647;4688;3;2147483647;4688;52147483647;4688;581
2147483647;4477;5;2147483647;4482;5;2147483647;4482;62147483647;4482;496
2147483647;4374;2;2147483647;4417;3;2147483647;4417;62147483647;4417;484
2147483647;4297;2;2147483647;4372;7;2147483647;4392;142147483647;4392;553
2147483647;4284;1;2147483647;4284;2;2147483647;4284;32147483647;4284;485
2147483647;4620;3;2147483647;4648;6;2147483647;4652;72147483647;4652;492
2147483647;4800;4;2147483647;4868;7;2147483647;4877;112147483647;4877;494
4516;0;1;4516;0;2;4516;0;24516;0;2
2147483647;4398;2;2147483647;4428;3;2147483647;4428;62147483647;4428;495
2147483647;4388;2;2147483647;4435;4;2147483647;4441;72147483647;4441;493
2147483647;4839;3;2147483647;4847;4;2147483647;4847;52147483647;4847;485
2147483647;3937;1;3953;0;2;3953;0;23953;0;2
2147483647;4408;2;2147483647;4413;3;2147483647;4413;42147483647;4413;502
2147483647;4386;2;2147483647;4423;4;2147483647;4423;52147483647;4423;487
2147483647;4208;3;4304;0;9;4304;0;94304;0;9
2147483647;4610;1;2147483647;4610;2;2147483647;4610;32147483647;4610;489
2147483647;4794;2;2147483647;4809;3;2147483647;4809;42147483647;4809;494
2147483647;4319;2;2147483647;4343;3;2147483647;4343;52147483647;4343;501
2147483647;4660;2;2147483647;4734;8;4736;0;84736;0;9
2147483647;4405;1;4406;0;1;4406;0;14406;0;1
2147483647;4402;3;2147483647;4494;8;2147483647;4497;102147483647;4497;495
2147483647;4358;3;4359;0;4;4359;0;34359;0;3
2147483647;4510;1;2147483647;4581;4;2147483647;4581;62147483647;4581;492
2147483647;4332;3;2147483647;4432;8;2147483647;4432;102147483647;4432;495
2147483647;4241;2;2147483647;4271;4;2147483647;4271;62147483647;4271;482
2147483647;4525;1;2147483647;4591;5;2147483647;4594;72147483647;4594;486
2147483647;4694;2;4733;0;3;4733;0;34733;0;4
2147483647;4741;4;2147483647;4823;10;2147483647;4872;212147483647;4872;511
2147483647;4207;3;2147483647;4207;2;2147483647;4207;42147483647;4207;487
4636;0;2;4636;0;2;4636;0;14636;0;2
2147483647;4589;2;4642;0;4;4642;0;34642;0;5
2147483647;4166;1;4219;0;5;4219;0;34219;0;3
2147483647;4480;1;2147483647;4493;3;2147483647;4493;42147483647;4493;502
2147483647;3786;3;3860;0;6;3860;0;53860;0;5
2147483647;4173;1;2147483647;4178;1;2147483647;4178;32147483647;4178;490
2147483647;4301;3;2147483647;4345;5;2147483647;4345;72147483647;4345;501
2147483647;4768;2;2147483647;4806;3;4806;0;44806;0;3
2147483647;4644;1;4645;0;2;4645;0;24645;0;2
2147483647;4562;2;4565;0;3;4565;0;24565;0;3
2147483647;4730;3;4826;0;5;4826;0;84826;0;6
2147483647;4258;2;4260;0;2;4260;0;24260;0;2
2147483647;4295;1;4295;0;0;4295;0;14295;0;1
2147483647;4341;2;2147483647;4361;3;2147483647;4361;42147483647;4361;490
2147483647;4360;3;2147483647;4361;2;2147483647;4361;42147483647;4361;528
2147483647;4045;2;4046;0;1;4046;0;24046;0;2
2147483647;4763;3;4765;0;3;4765;0;34765;0;4
2147483647;4195;1;2147483647;4221;3;2147483647;4221;42147483647;4221;495
2147483647;4591;4;2147483647;4593;3;2147483647;4593;52147483647;4593;496
2147483647;4772;2;2147483647;4781;2;2147483647;4781;42147483647;4781;487
2147483647;4879;3;4892;0;4;4892;0;54892;0;4
2147483647;4501;2;4523;0;4;4523;0;44523;0;3
2147483647;4635;3;4653;0;3;4653;0;34653;0;3
2147483647;4602;2;2147483647;4710;5;2147483647;4711;72147483647;4711;500
2147483647;4780;3;2147483647;4804;3;2147483647;4804;52147483647;4804;491
4727;0;1;4727;0;2;4727;0;14727;0;1
2147483647;4780;2;2147483647;4780;2;2147483647;4780;32147483647;4780;589
2147483647;4670;3;2147483647;4695;5;2147483647;4698;82147483647;4698;501
2147483647;4086;4;2147483647;4165;7;2147483647;4165;92147483647;4165;496
4508;0;2;4508;0;1;4508;0;24508;0;1
2147483647;4535;2;2147483647;4557;5;2147483647;4557;62147483647;4557;489
2147483647;4580;2;4581;0;2;4581;0;34581;0;3
4724;0;2;4724;0;1;4724;0;24724;0;2
2147483647;4378;1;2147483647;4433;4;2147483647;4506;162147483647;4506;509
2147483647;4522;2;2147483647;4562;6;2147483647;4568;82147483647;4568;498
2147483647;4182;3;2147483647;4232;5;2147483647;4232;72147483647;4232;493
2147483647;4565;1;2147483647;4575;3;2147483647;4575;52147483647;4575;493
2147483647;4327;2;2147483647;4330;3;2147483647;4336;62147483647;4336;495
4458;0;1;4458;0;1;4458;0;04458;0;0
2147483647;4251;3;2147483647;4305;7;2147483647;4305;82147483647;4305;503
2147483647;4704;3;4738;0;3;4738;0;44738;0;4
4286;0;1;4286;0;1;4286;0;14286;0;1
2147483647;4502;4;2147483647;4584;14;2147483647;4584;172147483647;4584;499
2147483647;4653;3;4686;0;4;4686;0;34686;0;5
4600;0;3;4600;0;3;4600;0;34600;0;3
2147483647;4876;4;4910;0;5;4910;0;54910;0;6
4197;0;2;4197;0;1;4197;0;24197;0;1
2147483647;4479;2;2147483647;4526;4;2147483647;4535;82147483647;4535;501
2147483647;4284;1;2147483647;4499;8;2147483647;4499;102147483647;4499;497
4690;0;4;4690;0;4;4690;0;44690;0;5
4414;0;1;4414;0;1;4414;0;14414;0;1
2147483647;4130;2;2147483647;4137;3;2147483647;4147;72147483647;4147;496
2147483647;3778;1;3779;0;2;3779;0;23779;0;1
2147483647;4824;3;4924;0;7;4924;0;74924;0;6
2147483647;3723;1;3724;0;3;3724;0;23724;0;2
2147483647;4621;3;2147483647;4621;4;2147483647;4621;62147483647;4621;489
2147483647;4989;3;2147483647;5046;6;2147483647;5046;72147483647;5046;510
2147483647;5038;1;5051;0;3;5051;0;35051;0;3
2147483647;4286;2;2147483647;4316;4;2147483647;4316;62147483647;4316;506
4536;0;2;4536;0;2;4536;0;24536;0;2
4719;0;2;4719;0;3;4719;0;24719;0;2
2147483647;4679;2;2147483647;4787;5;2147483647;4793;102147483647;4793;502
2147483647;3934;3;3939;0;2;3939;0;33939;0;3
2147483647;4782;5;4818;0;4;4818;0;44818;0;3
2147483647;4900;3;4903;0;3;4903;0;34903;0;2
2147483647;4722;3;2147483647;4726;2;2147483647;4726;42147483647;4726;488
2147483647;4339;1;2147483647;4341;1;2147483647;4341;42147483647;4341;496
2147483647;4657;1;4667;0;1;4667;0;24667;0;1
2147483647;3889;2;3889;0;1;3889;0;13889;0;1
2147483647;4684;3;2147483647;4732;5;2147483647;4749;112147483647;4749;511
2147483647;4683;2;2147483647;4706;4;2147483647;4707;62147483647;4707;495
2147483647;4547;3;2147483647;4608;6;2147483647;4608;82147483647;4608;500
2147483647;4407;2;2147483647;4486;8;2147483647;4493;112147483647;4493;492
2147483647;4400;2;2147483647;4407;2;2147483647;4407;42147483647;4407;485
2147483647;4535;4;2147483647;4535;5;2147483647;4535;62147483647;4535;491
2147483647;4777;2;4786;0;2;4786;0;14786;0;2
2147483647;4441;4;4442;0;3;4442;0;34442;0;3
2147483647;4902;4;2147483647;4940;5;2147483647;4944;82147483647;4944;491
2147483647;4326;3;2147483647;4371;5;2147483647;4377;92147483647;4377;510
2147483647;4746;2;2147483647;4779;2;2147483647;4779;52147483647;4779;494
2147483647;5106;3;2147483647;5112;5;2147483647;5112;62147483647;5112;492
2147483647;4461;2;2147483647;4475;2;2147483647;4475;52147483647;4475;490
2147483647;4190;2;2147483647;4228;3;2147483647;4228;52147483647;4228;490
2147483647;4816;1;2147483647;4816;2;2147483647;4816;32147483647;4816;485
2147483647;4404;2;2147483647;4447;6;2147483647;4449;82147483647;4449;489
2147483647;4398;2;2147483647;4485;6;2147483647;4485;82147483647;4485;494
4450;0;3;4450;0;2;4450;0;24450;0;3
2147483647;4813;1;2147483647;4834;2;2147483647;4834;32147483647;4834;482
4851;0;1;4851;0;1;4851;0;24851;0;1
3985;0;1;3985;0;1;3985;0;13985;0;2
2147483647;4616;4;2147483647;4641;6;2147483647;4641;72147483647;4641;495
2147483647;4656;2;2147483647;4677;3;4677;0;44677;0;3
2147483647;4523;1;2147483647;4646;8;4683;0;124683;0;13
2147483647;4170;1;2147483647;4201;2;4203;0;34203;0;3
2147483647;4413;1;4449;0;4;4449;0;34449;0;4
2147483647;4748;6;2147483647;4811;7;2147483647;4820;122147483647;4820;617
2147483647;4306;2;2147483647;4333;4;2147483647;4333;62147483647;4333;487
2147483647;4160;3;2147483647;4181;4;2147483647;4190;92147483647;4190;494
2147483647;4387;2;4388;0;2;4388;0;24388;0;2
2147483647;4418;2;4521;0;6;4521;0;64521;0;6
4667;0;2;4667;0;3;4667;0;24667;0;2
2147483647;4463;3;2147483647;4580;6;2147483647;4580;82147483647;4580;490
2147483647;4521;1;2147483647;4566;4;2147483647;4566;52147483647;4566;497
2147483647;4863;5;4910;0;7;4910;0;74910;0;8
2147483647;4548;2;2147483647;4618;5;2147483647;4618;72147483647;4618;496
2147483647;4286;3;2147483647;4299;4;4299;0;44299;0;3
2147483647;4399;2;4425;0;3;4425;0;34425;0;3
2147483647;4262;4;2147483647;4282;6;2147483647;4296;142147483647;4296;499
2147483647;4961;2;5018;0;4;5018;0;35018;0;4
2147483647;4920;3;2147483647;4962;8;2147483647;4962;82147483647;4962;488
2147483647;4738;3;2147483647;4743;4;2147483647;4743;52147483647;4743;496
2147483647;4742;2;2147483647;4758;3;2147483647;4763;72147483647;4763;501
2147483647;4294;3;2147483647;4436;8;2147483647;4476;192147483647;4476;515
4552;0;1;4552;0;1;4552;0;14552;0;1
2147483647;4094;4;4278;0;8;4278;0;94278;0;8
2147483647;3969;2;2147483647;4006;3;2147483647;4006;42147483647;4006;495
2147483647;3915;3;3916;0;3;3916;0;33916;0;3
2147483647;4442;4;2147483647;4501;6;2147483647;4501;72147483647;4501;495
2147483647;4478;2;2147483647;4503;3;2147483647;4505;62147483647;4505;508
2147483647;4533;2;2147483647;4542;3;2147483647;4542;62147483647;4542;485
2147483647;4259;2;2147483647;4259;2;2147483647;4259;32147483647;4259;486
2147483647;4532;2;2147483647;4576;3;2147483647;4576;42147483647;4576;480
2147483647;4447;2;4460;0;3;4460;0;34460;0;3
2147483647;4618;5;4627;0;5;4627;0;54627;0;6
2147483647;4343;1;2147483647;4350;2;2147483647;4350;42147483647;4350;486
4754;0;2;4754;0;3;4754;0;24754;0;3
2147483647;4333;1;2147483647;4419;7;2147483647;4421;82147483647;4421;492
4942;0;1;4942;0;1;4942;0;14942;0;1
2147483647;4389;3;2147483647;4389;3;2147483647;4389;52147483647;4389;488
2147483647;4383;1;4413;0;2;4413;0;24413;0;2
2147483647;4133;2;2147483647;4133;2;2147483647;4133;52147483647;4133;484
2147483647;4905;2;2147483647;4963;5;2147483647;4971;92147483647;4971;490
2147483647;4787;2;4791;0;3;4791;0;44791;0;3
2147483647;4371;2;2147483647;4448;7;2147483647;4448;112147483647;4448;502
2147483647;4955;5;4988;0;5;4988;0;64988;0;6
2147483647;4321;3;2147483647;4463;8;2147483647;4480;122147483647;4480;498
2147483647;4303;3;2147483647;4339;4;2147483647;4339;72147483647;4339;486
2147483647;4142;2;2147483647;4143;1;2147483647;4143;42147483647;4143;493
2147483647;4255;1;4299;0;3;4299;0;34299;0;4
2147483647;4320;1;4355;0;4;4355;0;34355;0;3
2147483647;4791;1;2147483647;4792;3;2147483647;4793;42147483647;4793;487
2147483647;4120;2;4181;0;3;4181;0;34181;0;4
2147483647;4454;3;4454;0;3;4454;0;34454;0;3
2147483647;4386;0;4386;0;0;4386;0;14386;0;0
4383;0;2;4383;0;2;4383;0;24383;0;2
2147483647;4658;3;2147483647;4687;3;2147483647;4687;62147483647;4687;514
2147483647;4560;2;2147483647;4583;3;2147483647;4583;52147483647;4583;491
2147483647;4589;3;2147483647;4607;4;2147483647;4611;82147483647;4611;499
2147483647;4259;2;2147483647;4273;3;2147483647;4273;42147483647;4273;489
2147483647;4816;3;2147483647;4865;7;2147483647;4865;82147483647;4865;482
2147483647;3948;2;2147483647;3948;2;2147483647;3948;52147483647;3948;485
2147483647;3784;1;3808;0;2;3808;0;13808;0;2
2147483647;4395;4;2147483647;4416;5;4419;0;84419;0;7
2147483647;4510;1;4510;0;1;4510;0;14510;0;2
2147483647;4030;2;2147483647;4030;2;2147483647;4030;32147483647;4030;494
2147483647;4377;1;2147483647;4407;4;2147483647;4410;72147483647;4410;496
2147483647;4232;2;2147483647;4291;8;2147483647;4293;92147483647;4293;494
2147483647;4791;3;4791;0;2;4791;0;24791;0;2
4538;0;1;4538;0;2;4538;0;14538;0;2
4217;0;1;4217;0;0;4217;0;14217;0;0
2147483647;4756;3;2147483647;4756;3;2147483647;4756;52147483647;4756;486
4584;0;1;4584;0;1;4584;0;04584;0;1
2147483647;4664;1;2147483647;4674;2;2147483647;4674;42147483647;4674;500
2147483647;4521;4;4552;0;4;4552;0;54552;0;4
2147483647;4503;2;2147483647;4629;9;2147483647;4630;112147483647;4630;499
3977;0;2;3977;0;2;3977;0;23977;0;2
2147483647;4065;2;4065;0;3;4065;0;24065;0;2
2147483647;4446;3;2147483647;4475;5;2147483647;4475;82147483647;4475;488
2147483647;4326;1;2147483647;4328;3;2147483647;4337;72147483647;4337;498
2147483647;4503;2;2147483647;4503;3;2147483647;4503;42147483647;4503;482
2147483647;4164;4;2147483647;4422;12;2147483647;4422;152147483647;4422;500
2147483647;4236;2;2147483647;4255;3;2147483647;4255;52147483647;4255;489
2147483647;4471;2;2147483647;4478;2;2147483647;4478;52147483647;4478;487
2147483647;4485;2;2147483647;4488;3;4490;0;34490;0;4
2147483647;4123;2;2147483647;4236;6;2147483647;4275;212147483647;4275;499
2147483647;4647;1;4700;0;5;4700;0;44700;0;5
2147483647;4416;1;2147483647;4450;5;4452;0;54452;0;5
2147483647;4486;3;2147483647;4497;4;2147483647;4497;52147483647;4497;489
2147483647;4874;2;4882;0;2;4882;0;44882;0;3
2147483647;4680;2;2147483647;4690;2;2147483647;4692;62147483647;4692;495
2147483647;4704;2;4704;0;2;4704;0;24704;0;2
2147483647;4729;2;2147483647;4774;6;2147483647;4774;92147483647;4774;498
4251;0;1;4251;0;2;4251;0;14251;0;1
2147483647;4252;3;4262;0;3;4262;0;34262;0;3
2147483647;4702;4;4723;0;3;4723;0;44723;0;4
2147483647;4540;1;4541;0;2;4541;0;14541;0;2
2147483647;4159;2;2147483647;4159;2;2147483647;4159;32147483647;4159;486
2147483647;4971;2;2147483647;4986;3;2147483647;4986;52147483647;4986;483
2147483647;4835;3;2147483647;4865;4;4866;0;44866;0;5
4257;0;1;4257;0;1;4257;0;14257;0;2
2147483647;4225;1;2147483647;4281;3;2147483647;4281;52147483647;4281;485
2147483647;4107;2;2147483647;4230;7;2147483647;4230;82147483647;4230;492
2147483647;4638;2;2147483647;4672;5;2147483647;4672;62147483647;4672;569
4004;0;2;4004;0;1;4004;0;14004;0;2
2147483647;4361;2;2147483647;4393;4;2147483647;4407;122147483647;4407;588
2147483647;4545;5;2147483647;4561;7;2147483647;4562;92147483647;4562;492
2147483647;4146;3;4357;0;13;4357;0;124357;0;14
2147483647;4428;4;2147483647;4431;4;2147483647;4431;52147483647;4431;492
2147483647;4566;3;4568;0;3;4568;0;34568;0;2
2147483647;4891;4;2147483647;4900;5;4903;0;54903;0;5
2147483647;4148;2;2147483647;4148;2;2147483647;4148;32147483647;4148;495
2147483647;4319;2;2147483647;4348;4;2147483647;4348;52147483647;4348;492
2147483647;4138;2;2147483647;4139;1;2147483647;4139;42147483647;4139;492
2147483647;4882;4;2147483647;4926;5;4957;0;114957;0;12
2147483647;4351;2;4351;0;2;4351;0;14351;0;2
2147483647;4697;3;2147483647;4731;4;2147483647;4731;62147483647;4731;485
2147483647;4114;3;2147483647;4120;3;2147483647;4120;42147483647;4120;547
2147483647;4904;2;4929;0;4;4929;0;34929;0;4
2147483647;4444;4;2147483647;4478;5;2147483647;4491;102147483647;4491;490
2147483647;4292;2;2147483647;4327;4;4330;0;44330;0;5
2147483647;4789;3;2147483647;4825;4;2147483647;4825;52147483647;4825;481
2147483647;4687;3;2147483647;4723;4;2147483647;4723;62147483647;4723;484
2147483647;4485;5;2147483647;4536;7;2147483647;4536;92147483647;4536;495
4517;0;1;4517;0;2;4517;0;24517;0;2
2147483647;4038;5;2147483647;4197;11;2147483647;4215;232147483647;4215;493
2147483647;4677;2;2147483647;4701;4;2147483647;4701;72147483647;4701;506
2147483647;4870;2;2147483647;4871;1;2147483647;4871;32147483647;4871;493
2147483647;4555;1;2147483647;4566;3;2147483647;4572;52147483647;4572;485
2147483647;3971;3;2147483647;4056;7;2147483647;4057;102147483647;4057;506
2147483647;4868;2;2147483647;4907;5;2147483647;4907;82147483647;4907;648
2147483647;4043;2;2147483647;4043;1;2147483647;4043;42147483647;4043;493
2147483647;4665;2;2147483647;4686;3;4686;0;34686;0;3
2147483647;4408;3;2147483647;4501;6;2147483647;4505;92147483647;4505;506
2147483647;4914;3;4914;0;3;4914;0;44914;0;3
2147483647;4472;2;2147483647;4498;4;2147483647;4498;62147483647;4498;491
2147483647;4730;1;4742;0;3;4742;0;44742;0;2
2147483647;4407;3;4408;0;2;4408;0;24408;0;3
2147483647;4766;2;2147483647;4804;5;2147483647;4804;72147483647;4804;498
2147483647;4214;3;2147483647;4214;2;2147483647;4214;62147483647;4214;495
2147483647;4595;1;2147483647;4610;3;4610;0;34610;0;3
2147483647;4489;2;4490;0;2;4490;0;34490;0;2
2147483647;4683;3;2147483647;4699;5;2147483647;4711;112147483647;4711;495
2147483647;5007;1;2147483647;5009;1;2147483647;5009;22147483647;5009;485
2147483647;3975;3;3991;0;3;3991;0;43991;0;3
2147483647;4897;3;2147483647;4911;3;2147483647;4911;62147483647;4911;496
2147483647;3713;1;2147483647;3714;2;2147483647;3714;82147483647;3714;482
2147483647;4483;2;2147483647;4523;5;2147483647;4523;72147483647;4523;494
2147483647;4395;2;2147483647;4427;5;4427;0;44427;0;5
2147483647;4509;3;2147483647;4564;7;2147483647;4564;82147483647;4564;489
2147483647;4708;2;2147483647;4827;7;4827;0;74827;0;7
2147483647;4647;3;4670;0;5;4670;0;44670;0;5
2147483647;4978;2;2147483647;5010;3;2147483647;5011;62147483647;5011;515
2147483647;4584;4;2147483647;4590;5;2147483647;4590;62147483647;4590;489
2147483647;4550;1;2147483647;4561;2;2147483647;4561;42147483647;4561;484
2147483647;4420;3;2147483647;4637;9;2147483647;4652;122147483647;4652;499
2147483647;4697;2;2147483647;4706;2;2147483647;4706;42147483647;4706;479
2147483647;4923;2;2147483647;4937;3;2147483647;4937;42147483647;4937;487
4270;0;1;4270;0;0;4270;0;14270;0;1
2147483647;4086;2;2147483647;4086;1;2147483647;4086;42147483647;4086;482
2147483647;4615;1;2147483647;4616;1;2147483647;4616;32147483647;4616;483
2147483647;4142;2;2147483647;4144;2;2147483647;4144;42147483647;4144;527
2147483647;4454;2;4457;0;3;4457;0;24457;0;3
2147483647;4600;2;2147483647;4600;1;2147483647;4600;32147483647;4600;491
2147483647;5102;2;2147483647;5182;7;5182;0;65182;0;8
2147483647;4645;5;4672;0;6;4672;0;94672;0;7
2147483647;4732;2;2147483647;4748;3;2147483647;4768;72147483647;4768;486
2147483647;4580;3;2147483647;4580;3;2147483647;4580;42147483647;4580;484
2147483647;4488;3;2147483647;4491;3;2147483647;4491;62147483647;4491;489
2147483647;4675;3;4675;0;3;4675;0;34675;0;3
2147483647;4338;1;2147483647;4339;1;2147483647;4339;32147483647;4339;486
2147483647;4476;3;2147483647;4514;6;2147483647;4530;132147483647;4530;572
2147483647;4710;2;4740;0;2;4740;0;24740;0;2
2147483647;4578;1;2147483647;4621;4;4645;0;134645;0;10
4610;0;3;4610;0;2;4610;0;34610;0;3
2147483647;4532;1;2147483647;4583;6;2147483647;4583;92147483647;4583;479
2147483647;4538;4;4623;0;9;4623;0;104623;0;10
2147483647;4354;1;4371;0;2;4371;0;24371;0;2
2147483647;4358;4;2147483647;4379;6;2147483647;4384;102147483647;4384;495
2147483647;4671;3;2147483647;4815;7;2147483647;4868;172147483647;4868;601
2147483647;4444;3;2147483647;4444;3;2147483647;4444;42147483647;4444;482
2147483647;4367;2;4434;0;5;4434;0;44434;0;5
2147483647;4471;1;2147483647;4500;2;2147483647;4500;42147483647;4500;484
2147483647;4395;2;4402;0;2;4402;0;24402;0;2
2147483647;5003;1;2147483647;5065;5;2147483647;5065;72147483647;5065;523
2147483647;4121;1;2147483647;4136;3;2147483647;4136;52147483647;4136;493
2147483647;4274;2;4427;0;5;4427;0;54427;0;5
2147483647;4516;3;2147483647;4607;7;2147483647;4638;162147483647;4638;503
4141;0;1;4141;0;0;4141;0;04141;0;1
2147483647;4537;4;2147483647;4568;6;2147483647;4571;92147483647;4571;497
2147483647;3969;2;2147483647;3975;4;2147483647;3975;42147483647;3975;483
2147483647;4117;3;4121;0;2;4121;0;44121;0;3
2147483647;4771;2;2147483647;4778;3;2147483647;4778;42147483647;4778;488
2147483647;4446;3;4484;0;4;4484;0;44484;0;4
2147483647;4775;2;4788;0;3;4788;0;44788;0;2
2147483647;4593;1;4643;0;3;4643;0;24643;0;3
2147483647;4634;2;2147483647;4686;5;2147483647;4686;82147483647;4686;507
2147483647;3560;2;3561;0;2;3561;0;23561;0;2
2147483647;4415;3;4417;0;2;4417;0;24417;0;2
2147483647;4015;3;4022;0;3;4022;0;34022;0;3
2147483647;4300;2;2147483647;4306;3;2147483647;4306;42147483647;4306;484
2147483647;4346;2;2147483647;4347;2;2147483647;4347;32147483647;4347;490
2147483647;4554;4;2147483647;4589;5;2147483647;4589;62147483647;4589;481
2147483647;4356;2;4356;0;2;4356;0;24356;0;1
2147483647;4839;3;2147483647;4877;6;2147483647;4877;92147483647;4877;485
2147483647;4187;3;2147483647;4239;8;2147483647;4242;112147483647;4242;515
2147483647;4556;2;2147483647;4629;6;2147483647;4629;82147483647;4629;495
4448;0;2;4448;0;2;4448;0;14448;0;2
2147483647;4782;5;4815;0;6;4815;0;74815;0;7
2147483647;4578;2;2147483647;4595;4;2147483647;4595;62147483647;4595;494
2147483647;4764;3;2147483647;4777;4;4784;0;94784;0;9
4533;0;5;4533;0;5;4533;0;54533;0;5
2147483647;4493;2;2147483647;4569;5;2147483647;4569;82147483647;4569;491
2147483647;4725;2;4743;0;3;4743;0;34743;0;2
4546;0;1;4546;0;1;4546;0;04546;0;1
2147483647;4926;2;2147483647;4960;2;2147483647;4962;52147483647;4962;484
2147483647;4625;3;2147483647;4748;7;4750;0;74750;0;7
2147483647;4598;2;2147483647;4602;3;2147483647;4602;42147483647;4602;488
2147483647;4185;2;2147483647;4304;9;2147483647;4304;102147483647;4304;495
2147483647;4426;2;2147483647;4446;3;2147483647;4446;52147483647;4446;486
2147483647;4542;1;2147483647;4627;5;2147483647;4627;72147483647;4627;483
2147483647;4543;2;4579;0;3;4579;0;34579;0;3
2147483647;4415;3;4452;0;5;4452;0;64452;0;5
2147483647;4292;2;2147483647;4299;1;2147483647;4299;42147483647;4299;493
4692;0;2;4692;0;1;4692;0;24692;0;1
2147483647;4375;2;2147483647;4388;2;2147483647;4388;42147483647;4388;484
2147483647;4451;1;2147483647;4451;1;2147483647;4451;32147483647;4451;490
2147483647;4253;3;4276;0;4;4276;0;44276;0;4
2147483647;4808;5;4824;0;5;4824;0;64824;0;6
2147483647;4578;3;4711;0;8;4711;0;84711;0;8
2147483647;4282;1;2147483647;4304;2;2147483647;4304;52147483647;4304;494
2147483647;4462;2;2147483647;4466;2;2147483647;4466;42147483647;4466;488
2147483647;4548;1;2147483647;4553;2;2147483647;4553;42147483647;4553;487
2147483647;4339;1;2147483647;4423;7;2147483647;4454;132147483647;4454;491
2147483647;4405;2;2147483647;4405;2;2147483647;4405;42147483647;4405;487
2147483647;4018;2;2147483647;4039;3;2147483647;4039;52147483647;4039;493
2147483647;4305;5;2147483647;4356;10;2147483647;4356;112147483647;4356;498
2147483647;4251;1;2147483647;4310;5;2147483647;4310;52147483647;4310;487
2147483647;4425;2;2147483647;4431;2;2147483647;4431;52147483647;4431;480
4436;0;1;4436;0;0;4436;0;14436;0;1
2147483647;4363;3;4402;0;5;4402;0;44402;0;5
3959;0;2;3959;0;2;3959;0;23959;0;2
2147483647;4943;2;2147483647;5001;3;2147483647;5001;52147483647;5001;485
4680;0;2;4680;0;2;4680;0;14680;0;2
2147483647;3990;2;2147483647;4011;2;4011;0;34011;0;2
2147483647;3976;2;2147483647;3976;3;2147483647;3976;42147483647;3976;477
2147483647;3654;1;2147483647;3738;7;3739;0;63739;0;7
2147483647;4357;2;2147483647;4357;2;2147483647;4357;32147483647;4357;485
2147483647;4484;5;2147483647;4497;5;2147483647;4499;82147483647;4499;487
2147483647;4519;2;4523;0;2;4523;0;34523;0;2
2147483647;4856;2;2147483647;4905;4;4905;0;54905;0;4
2147483647;4885;8;2147483647;4900;9;2147483647;4901;132147483647;4901;493
2147483647;4432;1;2147483647;4454;2;2147483647;4454;52147483647;4454;488
2147483647;3235;3;3247;0;3;3247;0;43247;0;4
2147483647;4076;2;2147483647;4076;2;2147483647;4076;42147483647;4076;494
2147483647;4453;2;2147483647;4487;3;2147483647;4498;112147483647;4498;504
2147483647;4565;3;4579;0;3;4579;0;24579;0;3
2147483647;4309;5;4336;0;5;4336;0;74336;0;6
2147483647;4503;1;2147483647;4525;4;2147483647;4525;42147483647;4525;487
2147483647;4781;1;2147483647;4781;2;2147483647;4781;32147483647;4781;483
2147483647;4768;2;2147483647;4832;4;2147483647;4832;62147483647;4832;492
2147483647;4699;4;2147483647;4726;7;2147483647;4728;92147483647;4728;492
2147483647;4484;4;2147483647;4608;11;2147483647;4608;122147483647;4608;493
2147483647;4770;2;2147483647;4781;1;4782;0;34782;0;2
2147483647;4642;1;2147483647;4642;2;2147483647;4642;32147483647;4642;492
2147483647;4081;1;2147483647;4113;3;2147483647;4113;52147483647;4113;497
4768;0;2;4768;0;2;4768;0;34768;0;2
2147483647;4276;1;2147483647;4397;9;2147483647;4397;92147483647;4397;487
2147483647;4282;2;4295;0;2;4295;0;24295;0;3
2147483647;4331;2;4340;0;2;4340;0;24340;0;3
2147483647;4717;1;4727;0;2;4727;0;24727;0;2
2147483647;4383;5;2147483647;4384;5;2147483647;4384;62147483647;4384;491
2147483647;4478;2;4531;0;5;4531;0;54531;0;5
4336;0;2;4336;0;2;4336;0;34336;0;2
2147483647;4770;1;4771;0;2;4771;0;14771;0;1
2147483647;4450;3;4450;0;3;4450;0;34450;0;3
2147483647;4722;3;4729;0;4;4729;0;44729;0;4
2147483647;4609;2;2147483647;4618;3;2147483647;4618;52147483647;4618;571
2147483647;4644;3;2147483647;4708;7;2147483647;4720;112147483647;4720;491
2147483647;4454;1;4455;0;1;4455;0;14455;0;2
2147483647;4405;2;2147483647;4417;5;2147483647;4420;82147483647;4420;524
2147483647;4395;2;4426;0;2;4426;0;24426;0;3
2147483647;4184;1;2147483647;4203;3;2147483647;4203;32147483647;4203;491
2147483647;4405;1;4405;0;1;4405;0;24405;0;1
2147483647;4510;2;4545;0;4;4545;0;34545;0;3
2147483647;4569;3;2147483647;4588;3;2147483647;4596;72147483647;4596;499
2147483647;4911;4;2147483647;4938;7;2147483647;4939;82147483647;4939;524
2147483647;4520;2;2147483647;4586;4;2147483647;4586;72147483647;4586;484
2147483647;4695;2;4748;0;3;4748;0;34748;0;4
4687;0;2;4687;0;3;4687;0;34687;0;2
4491;0;1;4491;0;1;4491;0;14491;0;1
2147483647;4114;1;2147483647;4123;2;4123;0;24123;0;2
2147483647;4895;2;2147483647;4934;7;2147483647;4977;152147483647;4977;498
2147483647;4714;2;2147483647;4754;3;4754;0;34754;0;4
2147483647;4136;2;2147483647;4171;4;2147483647;4171;62147483647;4171;510
2147483647;4776;2;2147483647;4776;1;2147483647;4776;42147483647;4776;478
2147483647;4373;3;2147483647;4432;5;4432;0;64432;0;6
2147483647;4378;4;2147483647;4414;5;4417;0;74417;0;6
2147483647;4909;1;2147483647;4965;4;4966;0;54966;0;5
2147483647;4110;2;2147483647;4111;2;2147483647;4111;42147483647;4111;483
4455;0;1;4455;0;1;4455;0;14455;0;1
2147483647;4199;3;2147483647;4315;9;2147483647;4316;112147483647;4316;500
4619;0;2;4619;0;2;4619;0;24619;0;2
2147483647;4073;2;4079;0;2;4079;0;24079;0;2
2147483647;4255;2;2147483647;4288;3;2147483647;4288;42147483647;4288;500
2147483647;4261;2;4268;0;1;4268;0;24268;0;1
2147483647;4436;2;2147483647;4523;4;2147483647;4523;52147483647;4523;488
2147483647;5151;3;5287;0;6;5287;0;65287;0;6
2147483647;4436;2;2147483647;4461;3;2147483647;4461;52147483647;4461;486
4921;0;1;4921;0;1;4921;0;04921;0;1
2147483647;4331;2;4354;0;2;4354;0;24354;0;4
2147483647;4466;2;4507;0;2;4507;0;34507;0;2
2147483647;4546;1;2147483647;4597;4;2147483647;4597;62147483647;4597;493
2147483647;4155;1;2147483647;4187;3;2147483647;4187;52147483647;4187;480
4599;0;1;4599;0;1;4599;0;14599;0;1
2147483647;4256;2;2147483647;4315;4;2147483647;4315;52147483647;4315;490
2147483647;4122;2;2147483647;4122;1;2147483647;4122;42147483647;4122;491
2147483647;4115;6;2147483647;4253;10;2147483647;4254;122147483647;4254;503
2147483647;3932;2;3951;0;3;3951;0;33951;0;3
2147483647;4674;1;2147483647;4735;3;2147483647;4735;62147483647;4735;488
2147483647;4482;4;4503;0;4;4503;0;54503;0;4
4634;0;2;4634;0;3;4634;0;34634;0;2
4556;0;2;4556;0;1;4556;0;24556;0;2
2147483647;4407;1;2147483647;4407;1;2147483647;4407;32147483647;4407;490
4654;0;1;4654;0;1;4654;0;14654;0;1
4996;0;2;4996;0;1;4996;0;24996;0;1
2147483647;4297;1;4334;0;3;4334;0;34334;0;2
2147483647;4725;3;2147483647;4729;2;4730;0;34730;0;3
2147483647;4639;2;2147483647;4639;2;2147483647;4639;42147483647;4639;484
2147483647;4701;3;4721;0;4;4721;0;54721;0;3
2147483647;4224;1;2147483647;4226;1;2147483647;4226;42147483647;4226;482
2147483647;4920;3;2147483647;4950;3;2147483647;4950;52147483647;4950;485
2147483647;4466;3;4467;0;4;4467;0;44467;0;3
4649;0;2;4649;0;2;4649;0;24649;0;2
2147483647;4619;4;2147483647;4630;5;2147483647;4633;82147483647;4633;492
2147483647;4655;1;2147483647;4675;2;2147483647;4675;42147483647;4675;495
2147483647;5037;2;2147483647;5078;4;2147483647;5082;92147483647;5082;494
4244;0;2;4244;0;1;4244;0;24244;0;3
4188;0;1;4188;0;0;4188;0;14188;0;1
2147483647;4569;1;4594;0;3;4594;0;34594;0;2
2147483647;4646;2;2147483647;4701;4;2147483647;4701;72147483647;4701;489
2147483647;4567;2;2147483647;4603;3;2147483647;4603;52147483647;4603;486
2147483647;4388;1;2147483647;4464;8;4464;0;84464;0;7
2147483647;4739;3;2147483647;4801;7;2147483647;4801;92147483647;4801;485
2147483647;4661;3;2147483647;4703;4;2147483647;4707;112147483647;4707;553
2147483647;4430;2;2147483647;4430;1;2147483647;4430;42147483647;4430;492
2147483647;4384;2;2147483647;4440;5;2147483647;4440;72147483647;4440;494
2147483647;4513;2;2147483647;4575;4;4576;0;44576;0;5
4153;0;1;4153;0;1;4153;0;14153;0;1
2147483647;4473;3;4488;0;3;4488;0;44488;0;3
4618;0;1;4618;0;1;4618;0;14618;0;1
2147483647;4457;2;2147483647;4457;3;2147483647;4457;42147483647;4457;500
2147483647;4288;2;2147483647;4288;2;2147483647;4288;52147483647;4288;489
2147483647;4300;2;2147483647;4316;4;2147483647;4316;62147483647;4316;494
2147483647;4441;4;2147483647;4462;4;2147483647;4462;62147483647;4462;494
2147483647;4488;2;2147483647;4553;3;2147483647;4553;72147483647;4553;492
2147483647;3914;2;3929;0;2;3929;0;23929;0;3
2147483647;4551;2;2147483647;4627;6;2147483647;4627;102147483647;4627;490
2147483647;4486;4;2147483647;4521;7;2147483647;4521;102147483647;4521;488
2147483647;4280;1;2147483647;4296;4;2147483647;4296;42147483647;4296;480
2147483647;4839;2;2147483647;4863;4;2147483647;4863;52147483647;4863;483
2147483647;4921;4;2147483647;4933;4;2147483647;4933;72147483647;4933;484
2147483647;4805;4;2147483647;4809;3;2147483647;4809;62147483647;4809;491
2147483647;4532;2;2147483647;4548;3;2147483647;4548;42147483647;4548;490
2147483647;4740;2;2147483647;4770;4;4770;0;34770;0;4
2147483647;4578;2;4607;0;4;4607;0;24607;0;3
2147483647;4887;2;2147483647;4919;3;2147483647;4919;52147483647;4919;482
2147483647;3669;2;2147483647;3740;5;2147483647;3740;62147483647;3740;483
2147483647;4626;3;2147483647;4633;3;2147483647;4633;62147483647;4633;499
4071;0;1;4071;0;1;4071;0;24071;0;1
2147483647;4624;3;2147483647;4653;3;2147483647;4653;52147483647;4653;494
2147483647;4521;5;4567;0;7;4567;0;74567;0;7
2147483647;4437;2;2147483647;4438;3;2147483647;4438;52147483647;4438;486
2147483647;4755;2;2147483647;4793;4;2147483647;4793;52147483647;4793;492
4561;0;1;4561;0;2;4561;0;24561;0;2
2147483647;4275;1;4275;0;2;4275;0;14275;0;1
2147483647;4699;3;2147483647;4723;5;2147483647;4723;62147483647;4723;488
2147483647;4609;7;4630;0;6;4630;0;64630;0;7
2147483647;4505;2;4552;0;4;4552;0;54552;0;4
2147483647;4469;2;2147483647;4511;4;2147483647;4511;62147483647;4511;485
2147483647;4419;3;2147483647;4436;5;2147483647;4436;82147483647;4436;485
2147483647;4389;2;4490;0;5;4490;0;54490;0;5
2147483647;4347;3;4348;0;2;4348;0;24348;0;3
4198;0;1;4198;0;2;4198;0;14198;0;2
2147483647;4647;3;4657;0;3;4657;0;24657;0;4
2147483647;4621;2;2147483647;4626;3;4627;0;44627;0;3
2147483647;4817;3;2147483647;4890;7;2147483647;4931;132147483647;4931;509
4425;0;2;4425;0;2;4425;0;24425;0;3
2147483647;4217;2;2147483647;4259;4;2147483647;4259;62147483647;4259;482
4682;0;2;4682;0;3;4682;0;24682;0;2
2147483647;4131;1;4132;0;2;4132;0;14132;0;1
2147483647;4517;2;2147483647;4537;4;2147483647;4601;162147483647;4601;491
2147483647;4080;2;2147483647;4089;3;2147483647;4089;42147483647;4089;494
2147483647;4446;4;2147483647;4446;4;2147483647;4446;62147483647;4446;485
2147483647;4500;2;2147483647;4513;2;2147483647;4513;42147483647;4513;489
2147483647;4443;1;2147483647;4466;3;2147483647;4466;42147483647;4466;500
2147483647;4289;1;2147483647;4443;6;4443;0;64443;0;6
2147483647;4497;4;2147483647;4546;6;2147483647;4546;82147483647;4546;486
2147483647;4600;2;2147483647;4662;4;2147483647;4663;72147483647;4663;485
2147483647;4561;1;2147483647;4561;2;2147483647;4561;32147483647;4561;491
2147483647;4384;1;4444;0;4;4444;0;34444;0;5
2147483647;4086;3;4091;0;3;4091;0;34091;0;4
4624;0;3;4624;0;4;4624;0;44624;0;3
2147483647;4250;1;2147483647;4374;7;2147483647;4374;82147483647;4374;507
2147483647;4281;1;2147483647;4333;5;2147483647;4333;62147483647;4333;482
2147483647;4669;6;2147483647;4684;5;2147483647;4684;122147483647;4684;481
2147483647;4637;4;2147483647;4708;6;2147483647;4712;102147483647;4712;655
2147483647;4303;1;2147483647;4303;1;2147483647;4303;32147483647;4303;488
4454;0;1;4454;0;1;4454;0;14454;0;1
2147483647;4537;1;2147483647;4577;3;2147483647;4585;82147483647;4585;489
2147483647;4675;2;2147483647;4702;4;2147483647;4702;62147483647;4702;493
2147483647;3744;1;3877;0;6;3877;0;53877;0;6
4833;0;2;4833;0;3;4833;0;24833;0;2
2147483647;4482;2;2147483647;4488;2;2147483647;4488;32147483647;4488;491
2147483647;4718;1;2147483647;4739;4;2147483647;4739;42147483647;4739;488
2147483647;4779;2;2147483647;4779;2;2147483647;4779;42147483647;4779;489
2147483647;4029;2;4031;0;3;4031;0;24031;0;2
2147483647;4827;4;2147483647;4835;4;2147483647;4846;92147483647;4846;509
2147483647;4869;3;4870;0;3;4870;0;54870;0;3
2147483647;4605;4;2147483647;4609;4;2147483647;4609;62147483647;4609;489
2147483647;4432;4;4480;0;5;4480;0;64480;0;5
2147483647;4219;3;2147483647;4326;7;2147483647;4326;102147483647;4326;485
2147483647;4961;2;2147483647;5019;5;5019;0;65019;0;5
2147483647;4812;1;2147483647;4870;3;2147483647;4870;62147483647;4870;484
2147483647;4423;2;2147483647;4468;4;2147483647;4471;72147483647;4471;491
2147483647;4413;2;2147483647;4424;2;2147483647;4424;42147483647;4424;481
2147483647;4459;1;4460;0;1;4460;0;14460;0;1
2147483647;4685;2;2147483647;4724;4;2147483647;4724;52147483647;4724;482
2147483647;4293;2;2147483647;4337;3;2147483647;4337;62147483647;4337;484
2147483647;4677;2;4684;0;2;4684;0;34684;0;2
4473;0;2;4473;0;2;4473;0;24473;0;2
2147483647;4324;2;2147483647;4324;1;2147483647;4324;32147483647;4324;485
4487;0;1;4487;0;0;4487;0;14487;0;1
2147483647;4891;4;2147483647;4928;4;2147483647;4928;82147483647;4928;491
2147483647;4447;3;2147483647;4509;6;2147483647;4509;92147483647;4509;488
2147483647;4747;1;2147483647;4780;4;2147483647;4796;82147483647;4796;495
2147483647;4625;3;4626;0;2;4626;0;34626;0;3
2147483647;4963;2;2147483647;5014;4;2147483647;5014;62147483647;5014;482
4239;0;2;4239;0;1;4239;0;14239;0;2
4609;0;2;4609;0;3;4609;0;24609;0;2
2147483647;4378;1;2147483647;4445;6;4445;0;64445;0;6
2147483647;4988;3;2147483647;5075;5;2147483647;5093;112147483647;5093;491
2147483647;4720;1;2147483647;4727;2;2147483647;4727;42147483647;4727;486
2147483647;4542;2;2147483647;4677;7;2147483647;4698;162147483647;4698;503
2147483647;4775;2;2147483647;4873;4;4876;0;54876;0;5
2147483647;4558;2;2147483647;4564;2;2147483647;4564;42147483647;4564;495
2147483647;5031;1;2147483647;5061;5;2147483647;5066;82147483647;5066;497
2147483647;4588;2;2147483647;4605;3;2147483647;4605;52147483647;4605;482
2147483647;4329;1;4356;0;3;4356;0;34356;0;3
2147483647;4938;2;2147483647;4941;2;2147483647;4941;52147483647;4941;484
2147483647;4705;2;2147483647;4715;3;2147483647;4717;52147483647;4717;474
2147483647;3978;1;2147483647;4016;2;2147483647;4051;92147483647;4051;567
4643;0;2;4643;0;1;4643;0;24643;0;2
2147483647;3786;1;2147483647;3786;1;2147483647;3786;22147483647;3786;482
2147483647;4347;4;2147483647;4358;3;2147483647;4358;42147483647;4358;489
2147483647;4482;1;4483;0;1;4483;0;24483;0;1
2147483647;4953;2;2147483647;4964;3;2147483647;4964;42147483647;4964;489
4237;0;2;4237;0;2;4237;0;24237;0;2
2147483647;4606;3;2147483647;4858;20;4858;0;214858;0;19
2147483647;4435;2;2147483647;4450;2;2147483647;4450;42147483647;4450;485
2147483647;4504;2;2147483647;4522;4;2147483647;4522;52147483647;4522;484
2147483647;4588;3;2147483647;4663;9;2147483647;4663;122147483647;4663;508
2147483647;4815;2;2147483647;4850;3;4851;0;54851;0;4
2147483647;4575;3;2147483647;4575;3;2147483647;4575;42147483647;4575;492
2147483647;4262;3;2147483647;4323;6;2147483647;4323;72147483647;4323;492
2147483647;4591;4;4648;0;6;4648;0;54648;0;5
2147483647;4901;2;2147483647;4912;3;2147483647;4912;42147483647;4912;484
2147483647;4846;3;2147483647;4847;2;2147483647;4847;42147483647;4847;501
2147483647;4878;2;2147483647;4879;2;2147483647;4879;42147483647;4879;483
2147483647;4250;2;2147483647;4252;2;2147483647;4252;42147483647;4252;497
2147483647;4587;2;2147483647;4588;2;2147483647;4588;42147483647;4588;483
2147483647;4595;1;2147483647;4733;11;2147483647;4744;152147483647;4744;497
2147483647;4288;2;2147483647;4336;7;2147483647;4336;92147483647;4336;492
2147483647;4991;3;2147483647;5011;4;2147483647;5012;62147483647;5012;488
2147483647;4721;2;2147483647;4735;3;2147483647;4735;42147483647;4735;481
2147483647;4958;2;4958;0;3;4958;0;24958;0;2
2147483647;4632;3;2147483647;4637;3;2147483647;4637;62147483647;4637;487
2147483647;4716;1;2147483647;4729;2;2147483647;4729;42147483647;4729;484
2147483647;4902;2;2147483647;4904;3;2147483647;4904;42147483647;4904;478
2147483647;4715;2;2147483647;4717;2;2147483647;4717;42147483647;4717;495
2147483647;4398;1;2147483647;4462;4;2147483647;4472;82147483647;4472;509
2147483647;4398;3;4432;0;4;4432;0;44432;0;4
2147483647;3932;4;2147483647;3978;5;2147483647;3978;72147483647;3978;511
2147483647;4521;1;4522;0;1;4522;0;14522;0;1
2147483647;4472;2;2147483647;4477;3;2147483647;4477;52147483647;4477;489
2147483647;4172;2;2147483647;4176;2;2147483647;4176;42147483647;4176;481
2147483647;4456;2;2147483647;4477;4;2147483647;4477;42147483647;4477;479
4306;0;1;4306;0;2;4306;0;24306;0;1
2147483647;4593;3;4638;0;5;4638;0;64638;0;5
4632;0;2;4632;0;3;4632;0;34632;0;2
2147483647;4538;1;2147483647;4538;1;2147483647;4538;22147483647;4538;487
4229;0;3;4229;0;2;4229;0;34229;0;2
4356;0;1;4356;0;1;4356;0;14356;0;1
2147483647;4067;2;2147483647;4069;3;2147483647;4069;42147483647;4069;479
2147483647;4503;4;4534;0;5;4534;0;54534;0;5
2147483647;4322;3;2147483647;4322;2;2147483647;4322;42147483647;4322;480
2147483647;4189;1;4217;0;2;4217;0;24217;0;2
2147483647;4426;1;2147483647;4428;2;2147483647;4428;42147483647;4428;486
2147483647;4357;2;2147483647;4415;4;2147483647;4415;72147483647;4415;486
2147483647;4542;1;2147483647;4544;2;2147483647;4544;42147483647;4544;480
2147483647;5041;3;2147483647;5062;3;2147483647;5062;62147483647;5062;490
2147483647;4209;2;2147483647;4230;3;2147483647;4230;52147483647;4230;479
2147483647;4100;2;2147483647;4117;3;2147483647;4117;52147483647;4117;487
2147483647;4656;1;4665;0;2;4665;0;24665;0;2
5102;0;1;5102;0;2;5102;0;15102;0;1
2147483647;4307;3;4307;0;2;4307;0;34307;0;3
2147483647;4568;3;2147483647;4568;3;2147483647;4568;52147483647;4568;498
4660;0;2;4660;0;2;4660;0;14660;0;2
2147483647;3984;1;4014;0;3;4014;0;34014;0;3
2147483647;5003;3;2147483647;5057;4;2147483647;5057;82147483647;5057;494
2147483647;4711;3;2147483647;4747;4;2147483647;4747;72147483647;4747;480
2147483647;4271;2;2147483647;4329;5;2147483647;4330;72147483647;4330;480
2147483647;4526;1;2147483647;4526;1;2147483647;4526;32147483647;4526;484
2147483647;4773;2;4774;0;2;4774;0;24774;0;1
2147483647;4646;2;4664;0;2;4664;0;24664;0;3
2147483647;4290;2;2147483647;4463;12;2147483647;4463;132147483647;4463;491
4387;0;1;4387;0;2;4387;0;14387;0;1
4928;0;4;4928;0;3;4928;0;44928;0;3
2147483647;4732;1;4756;0;3;4756;0;34756;0;3
2147483647;4066;2;2147483647;4066;1;2147483647;4066;42147483647;4066;492
2147483647;4231;1;2147483647;4250;2;2147483647;4256;72147483647;4256;485
2147483647;4377;2;4475;0;11;4475;0;74475;0;7
2147483647;4646;2;2147483647;4675;2;2147483647;4675;42147483647;4675;488
2147483647;4519;2;4560;0;3;4560;0;34560;0;3
2147483647;4485;1;2147483647;4520;6;2147483647;4520;72147483647;4520;487
2147483647;4494;2;2147483647;4520;2;2147483647;4520;52147483647;4520;488
2147483647;4161;2;2147483647;4366;10;4367;0;94367;0;10
2147483647;4145;2;2147483647;4145;2;2147483647;4145;42147483647;4145;482
2147483647;4222;2;2147483647;4262;4;2147483647;4262;52147483647;4262;482
4350;0;1;4350;0;1;4350;0;14350;0;1
2147483647;4748;2;2147483647;4757;2;2147483647;4757;42147483647;4757;486
2147483647;4475;2;4480;0;3;4480;0;24480;0;3
2147483647;4164;1;4165;0;1;4165;0;24165;0;2
2147483647;4687;2;2147483647;4832;8;4837;0;94837;0;8
2147483647;4701;3;2147483647;4702;3;2147483647;4702;52147483647;4702;507
2147483647;4550;2;2147483647;4602;5;2147483647;4607;92147483647;4607;496
2147483647;4567;3;4611;0;3;4611;0;44611;0;3
2147483647;4811;6;2147483647;4812;6;2147483647;4812;72147483647;4812;522
2147483647;4118;2;2147483647;4160;5;2147483647;4160;72147483647;4160;503
2147483647;4645;1;4657;0;3;4657;0;34657;0;3
2147483647;3879;2;3929;0;2;3929;0;33929;0;3
2147483647;4340;3;4375;0;4;4375;0;54375;0;4
2147483647;4473;3;2147483647;4519;7;2147483647;4519;82147483647;4519;504
2147483647;4663;3;2147483647;4684;4;2147483647;4684;52147483647;4684;484
2147483647;4677;1;2147483647;4678;2;2147483647;4678;32147483647;4678;481
2147483647;4576;2;2147483647;4589;3;2147483647;4589;42147483647;4589;491
2147483647;4496;2;2147483647;4518;3;2147483647;4518;42147483647;4518;497
2147483647;4058;1;2147483647;4084;3;2147483647;4084;42147483647;4084;503
2147483647;4156;2;4220;0;5;4220;0;54220;0;4
2147483647;4780;1;2147483647;4893;7;2147483647;4893;82147483647;4893;490
2147483647;4361;2;4367;0;2;4367;0;24367;0;2
2147483647;4412;2;4425;0;2;4425;0;24425;0;2
2147483647;4488;1;2147483647;4553;5;2147483647;4553;82147483647;4553;614
2147483647;4590;2;2147483647;4595;3;2147483647;4595;52147483647;4595;493
4570;0;2;4570;0;2;4570;0;24570;0;2
2147483647;4572;3;4575;0;3;4575;0;34575;0;3
4448;0;3;4448;0;1;4448;0;24448;0;1
2147483647;4476;2;2147483647;4494;4;2147483647;4495;62147483647;4495;486
2147483647;4058;2;2147483647;4114;5;2147483647;4116;72147483647;4116;496
2147483647;4259;3;2147483647;4319;6;2147483647;4319;102147483647;4319;492
2147483647;4252;1;2147483647;4256;1;2147483647;4256;42147483647;4256;479
4459;0;2;4459;0;2;4459;0;24459;0;2
2147483647;4221;2;2147483647;4427;12;2147483647;4431;142147483647;4431;494
2147483647;4303;2;2147483647;4312;2;2147483647;4312;52147483647;4312;486
2147483647;4788;1;4789;0;3;4789;0;14789;0;1
2147483647;4572;3;4604;0;4;4604;0;34604;0;4
2147483647;4710;3;4710;0;2;4710;0;34710;0;2
