2147483647;5241;48;2147483647;5317;43;2147483647;5323;42
2147483647;5763;4;2147483647;5809;12;2147483647;5809;23
2147483647;5887;13;2147483647;5903;14;2147483647;5903;21
2147483647;5726;6;2147483647;5846;15;2147483647;5847;25
2147483647;5843;6;2147483647;5843;6;2147483647;5843;14
2147483647;5917;5;2147483647;5937;12;2147483647;5937;20
2147483647;5477;6;2147483647;5531;22;5537;0;39
2147483647;5574;11;2147483647;5629;17;2147483647;5635;36
2147483647;5551;13;2147483647;5574;18;2147483647;5579;32
2147483647;5623;8;2147483647;5639;9;2147483647;5639;16
2147483647;5648;3;2147483647;5788;20;2147483647;5795;32
2147483647;5779;6;5797;0;10;5797;0;10
2147483647;5652;10;2147483647;5690;22;2147483647;5706;45
2147483647;5905;3;2147483647;5965;9;2147483647;5965;14
2147483647;5374;4;2147483647;5393;5;2147483647;5408;15
2147483647;5084;2;2147483647;5129;7;2147483647;5129;11
2147483647;5390;3;5400;0;4;5400;0;4
2147483647;5480;6;2147483647;5502;9;2147483647;5534;48
2147483647;5468;8;2147483647;5503;16;2147483647;5516;28
2147483647;5421;5;2147483647;5458;13;2147483647;5473;20
2147483647;5755;6;2147483647;5774;7;2147483647;5791;22
2147483647;6014;6;2147483647;6053;13;2147483647;6053;21
2147483647;5266;4;2147483647;5288;9;2147483647;5288;12
2147483647;5803;4;2147483647;5847;11;2147483647;5850;21
2147483647;5652;9;2147483647;5694;15;5705;0;35
2147483647;5321;4;2147483647;5336;8;2147483647;5336;15
2147483647;5856;4;2147483647;5872;7;2147483647;5872;19
2147483647;5417;5;2147483647;5460;13;2147483647;5462;19
2147483647;5943;5;5984;0;9;5984;0;8
2147483647;5414;5;2147483647;5571;14;2147483647;5592;35
2147483647;5591;8;2147483647;5698;20;2147483647;5698;28
2147483647;5922;4;2147483647;5928;4;2147483647;5929;12
2147483647;5287;8;2147483647;5332;11;2147483647;5332;18
2147483647;5278;5;2147483647;5282;5;2147483647;5282;9
2147483647;5312;6;5316;0;6;5316;0;9
2147483647;5396;5;2147483647;5481;19;2147483647;5484;29
2147483647;5473;3;2147483647;5509;7;2147483647;5509;12
2147483647;5139;5;2147483647;5152;8;2147483647;5156;17
2147483647;6172;6;2147483647;6202;12;2147483647;6213;26
2147483647;6121;4;2147483647;6185;8;6190;0;25
2147483647;5751;2;2147483647;5762;5;2147483647;5762;11
2147483647;5474;10;2147483647;5478;12;2147483647;5481;21
2147483647;5194;4;2147483647;5223;8;2147483647;5223;13
2147483647;5714;5;2147483647;5742;7;2147483647;5742;11
2147483647;5567;5;2147483647;5580;7;2147483647;5580;12
2147483647;5442;5;2147483647;5470;10;2147483647;5470;14
2147483647;5307;4;2147483647;5319;6;2147483647;5319;11
2147483647;5924;4;2147483647;5949;11;2147483647;5961;20
2147483647;5712;6;2147483647;5757;17;2147483647;5758;20
2147483647;5949;6;2147483647;5954;7;2147483647;5955;15
2147483647;5812;5;2147483647;5850;6;2147483647;5858;22
2147483647;5618;8;2147483647;5683;16;2147483647;5683;25
2147483647;5839;3;2147483647;5915;22;2147483647;5917;23
2147483647;5502;6;2147483647;5541;17;2147483647;5541;22
2147483647;5903;3;2147483647;5950;12;2147483647;5952;16
2147483647;5487;4;2147483647;5526;9;2147483647;5541;20
2147483647;5957;7;2147483647;6037;14;2147483647;6037;19
2147483647;5548;6;2147483647;5631;17;2147483647;5649;40
2147483647;5750;4;2147483647;5786;11;2147483647;5787;17
2147483647;5195;7;5196;0;7;5196;0;7
2147483647;5456;4;2147483647;5499;12;2147483647;5513;22
2147483647;5942;4;2147483647;6012;12;2147483647;6012;19
2147483647;5425;7;5434;0;9;5434;0;9
2147483647;5680;4;2147483647;5696;9;2147483647;5696;16
2147483647;5957;7;2147483647;5994;11;2147483647;5997;22
2147483647;5529;5;2147483647;5569;11;2147483647;5609;34
2147483647;5690;5;2147483647;5780;15;2147483647;5780;19
2147483647;5852;5;5871;0;5;5871;0;7
2147483647;5807;6;2147483647;5822;9;2147483647;5838;22
2147483647;5706;9;2147483647;5721;17;2147483647;5728;32
2147483647;5705;6;2147483647;5723;11;2147483647;5724;16
2147483647;5764;4;2147483647;5773;6;2147483647;5792;14
2147483647;5937;6;2147483647;5938;6;2147483647;5938;10
2147483647;5162;4;2147483647;5191;8;2147483647;5216;45
2147483647;5303;7;2147483647;5371;16;2147483647;5401;33
2147483647;5929;4;2147483647;5936;7;2147483647;5939;16
2147483647;5754;8;2147483647;5767;12;2147483647;5796;30
2147483647;5856;7;2147483647;5904;18;2147483647;5907;24
2147483647;5070;2;5075;0;5;5075;0;5
2147483647;5789;5;2147483647;5812;7;2147483647;5814;15
2147483647;5660;6;2147483647;5703;11;2147483647;5703;18
2147483647;5843;7;2147483647;5884;13;2147483647;5900;30
2147483647;5682;3;2147483647;5768;14;2147483647;5780;37
2147483647;5201;4;2147483647;5218;6;2147483647;5218;10
2147483647;5925;11;5931;0;11;5931;0;11
2147483647;5696;4;2147483647;5736;12;2147483647;5736;16
2147483647;5517;3;5524;0;3;5524;0;4
2147483647;5393;7;2147483647;5399;9;5403;0;12
2147483647;5497;5;2147483647;5516;8;5517;0;10
2147483647;5849;6;2147483647;5916;21;2147483647;5916;29
5484;0;4;5484;0;4;5484;0;5
2147483647;6136;8;2147483647;6140;10;2147483647;6142;19
2147483647;6036;6;2147483647;6085;12;2147483647;6085;19
2147483647;5986;8;2147483647;6018;15;2147483647;6059;37
2147483647;5031;3;2147483647;5052;8;2147483647;5052;13
2147483647;5774;4;5785;0;5;5785;0;6
2147483647;5588;3;2147483647;5655;14;2147483647;5655;18
2147483647;5777;2;2147483647;5839;15;2147483647;5849;29
2147483647;5914;4;2147483647;5932;7;2147483647;5934;14
2147483647;5852;6;2147483647;5889;14;2147483647;5902;24
2147483647;5446;5;2147483647;5533;17;2147483647;5554;51
2147483647;5353;7;2147483647;5378;14;2147483647;5393;34
2147483647;5621;3;2147483647;5631;5;2147483647;5631;10
2147483647;6060;5;2147483647;6103;13;2147483647;6103;19
2147483647;5643;4;2147483647;5678;10;2147483647;5700;32
2147483647;5712;10;2147483647;5731;13;2147483647;5734;19
2147483647;5874;5;2147483647;5878;7;2147483647;5878;10
2147483647;5781;5;2147483647;5847;14;2147483647;5848;22
2147483647;5386;3;2147483647;5403;6;2147483647;5403;12
2147483647;5347;4;5386;0;6;5386;0;7
2147483647;5399;5;2147483647;5406;7;2147483647;5406;11
2147483647;5831;5;2147483647;5842;7;2147483647;5848;16
2147483647;5661;7;2147483647;5719;15;2147483647;5726;22
2147483647;5779;7;2147483647;5815;14;2147483647;5826;26
2147483647;5660;3;2147483647;5711;6;2147483647;5717;17
5750;0;4;5750;0;4;5750;0;5
2147483647;5305;5;2147483647;5307;7;2147483647;5307;11
2147483647;5585;6;2147483647;5630;9;2147483647;5636;27
2147483647;5524;4;2147483647;5627;12;2147483647;5637;31
2147483647;6038;4;6039;0;5;6039;0;4
2147483647;5682;4;2147483647;5737;15;2147483647;5738;21
2147483647;5719;6;2147483647;5728;8;2147483647;5732;19
2147483647;5510;5;2147483647;5510;4;2147483647;5510;10
2147483647;5818;5;2147483647;5843;7;2147483647;5843;13
2147483647;5741;6;2147483647;5743;8;5748;0;13
2147483647;5520;6;2147483647;5573;22;2147483647;5588;34
2147483647;5762;4;2147483647;5768;6;2147483647;5768;9
2147483647;5904;6;2147483647;5956;13;2147483647;5959;21
2147483647;5487;5;2147483647;5520;11;2147483647;5520;15
2147483647;5426;6;2147483647;5426;6;2147483647;5426;10
2147483647;5529;4;5579;0;7;5579;0;7
2147483647;5357;3;2147483647;5426;13;2147483647;5432;27
2147483647;5286;4;5297;0;4;5297;0;4
2147483647;5709;6;2147483647;5790;19;2147483647;5800;32
2147483647;5412;6;2147483647;5416;7;2147483647;5434;21
2147483647;5697;6;2147483647;5759;16;2147483647;5761;23
2147483647;5537;3;2147483647;5642;10;2147483647;5653;33
2147483647;5856;5;2147483647;5910;15;2147483647;5912;21
2147483647;4902;3;2147483647;5001;17;2147483647;5001;25
2147483647;5565;6;2147483647;5574;10;2147483647;5574;20
2147483647;5672;5;2147483647;5795;18;2147483647;5835;43
2147483647;5429;4;2147483647;5437;6;2147483647;5437;10
2147483647;5501;3;2147483647;5529;8;2147483647;5529;14
2147483647;5221;6;2147483647;5365;24;2147483647;5377;34
2147483647;5983;5;2147483647;6004;8;2147483647;6005;18
2147483647;5338;6;2147483647;5349;7;2147483647;5349;13
2147483647;5620;5;5688;0;11;5688;0;12
2147483647;5968;6;2147483647;6015;13;2147483647;6028;22
2147483647;6145;7;2147483647;6192;11;2147483647;6200;33
2147483647;5618;6;2147483647;5628;11;2147483647;5628;12
2147483647;5605;6;2147483647;5632;9;5641;0;43
2147483647;5543;5;2147483647;5563;10;2147483647;5563;13
2147483647;5246;5;2147483647;5269;7;2147483647;5269;14
2147483647;5490;7;2147483647;5492;8;2147483647;5494;14
2147483647;5591;3;2147483647;5591;3;2147483647;5591;7
2147483647;5400;6;2147483647;5544;21;2147483647;5588;57
2147483647;5237;8;2147483647;5275;14;2147483647;5275;21
2147483647;5413;7;2147483647;5528;18;2147483647;5528;24
2147483647;5542;4;5558;0;6;5558;0;6
2147483647;5070;4;2147483647;5415;34;2147483647;5421;42
2147483647;5866;5;2147483647;5911;10;2147483647;5911;16
5380;0;7;5380;0;8;5380;0;7
2147483647;5809;4;2147483647;5831;11;2147483647;5831;17
2147483647;5866;7;2147483647;5900;11;2147483647;5900;16
2147483647;5137;5;2147483647;5175;11;2147483647;5188;23
2147483647;5627;5;2147483647;5661;11;2147483647;5667;22
2147483647;5356;4;2147483647;5359;5;2147483647;5359;10
2147483647;5469;5;2147483647;5495;10;2147483647;5495;14
2147483647;5794;7;2147483647;5918;23;2147483647;5918;26
2147483647;5925;5;2147483647;6029;12;2147483647;6040;22
2147483647;5844;3;2147483647;5883;9;2147483647;5883;12
2147483647;5513;4;2147483647;5531;7;5532;0;7
2147483647;5375;5;2147483647;5382;7;2147483647;5382;11
2147483647;5527;8;2147483647;5538;10;2147483647;5544;20
2147483647;5631;6;2147483647;5637;6;2147483647;5637;10
2147483647;5610;6;2147483647;5619;8;2147483647;5619;14
2147483647;5315;3;2147483647;5378;13;2147483647;5414;48
2147483647;5745;6;2147483647;5809;16;2147483647;5809;20
2147483647;5500;5;2147483647;5517;7;2147483647;5517;13
2147483647;5602;2;2147483647;5664;10;2147483647;5666;15
2147483647;5270;2;2147483647;5297;8;2147483647;5298;12
2147483647;5520;3;2147483647;5555;10;2147483647;5562;18
2147483647;5325;4;2147483647;5344;7;2147483647;5344;11
2147483647;5811;5;2147483647;5844;9;2147483647;5848;26
2147483647;5554;7;2147483647;5583;12;2147483647;5623;37
2147483647;5686;6;2147483647;5695;6;2147483647;5695;12
2147483647;5658;6;2147483647;5737;23;2147483647;5737;26
2147483647;5764;5;2147483647;5821;13;2147483647;5821;19
2147483647;5392;1;2147483647;5425;8;2147483647;5425;12
2147483647;5614;6;2147483647;5623;9;5625;0;11
2147483647;6243;3;2147483647;6283;6;2147483647;6299;24
2147483647;5840;6;2147483647;5886;13;2147483647;5886;21
2147483647;5645;7;2147483647;5646;6;2147483647;5646;11
2147483647;5508;6;2147483647;5538;9;2147483647;5538;13
2147483647;5140;2;2147483647;5189;6;2147483647;5189;11
2147483647;5773;3;2147483647;5817;7;2147483647;5826;19
2147483647;5337;6;2147483647;5384;13;2147483647;5394;26
2147483647;5553;2;2147483647;5561;5;2147483647;5575;22
2147483647;5710;7;2147483647;5726;9;2147483647;5752;29
2147483647;5820;6;2147483647;5822;7;2147483647;5822;13
2147483647;5587;4;2147483647;5604;7;2147483647;5605;15
5907;0;3;5907;0;4;5907;0;3
2147483647;4919;5;2147483647;4931;9;2147483647;4931;13
2147483647;5416;4;2147483647;5431;7;2147483647;5431;10
2147483647;5392;4;2147483647;5431;9;2147483647;5431;15
2147483647;5588;6;2147483647;5591;6;2147483647;5591;11
2147483647;5704;5;2147483647;5719;8;2147483647;5719;15
2147483647;5849;5;2147483647;5952;19;2147483647;5971;46
2147483647;5636;5;2147483647;5673;16;2147483647;5673;22
2147483647;5684;6;2147483647;5777;15;2147483647;5784;26
2147483647;5739;7;2147483647;5740;8;2147483647;5740;12
2147483647;5667;3;2147483647;5688;10;2147483647;5688;14
2147483647;5652;3;2147483647;5676;8;2147483647;5679;15
2147483647;5560;5;2147483647;5706;16;2147483647;5712;27
2147483647;5638;6;2147483647;5677;12;5678;0;12
2147483647;5555;3;2147483647;5707;14;2147483647;5715;25
2147483647;5623;4;2147483647;5660;9;2147483647;5660;13
2147483647;5825;5;2147483647;5843;8;2147483647;5843;14
2147483647;5591;6;2147483647;5596;7;2147483647;5596;12
2147483647;5662;9;2147483647;5681;13;2147483647;5681;18
5751;0;6;5751;0;5;5751;0;5
2147483647;5753;6;2147483647;5755;6;2147483647;5755;11
2147483647;4785;3;2147483647;5001;21;2147483647;5008;30
2147483647;5474;5;2147483647;5474;6;2147483647;5474;11
2147483647;5675;6;2147483647;5682;6;2147483647;5682;11
2147483647;5093;2;2147483647;5114;6;2147483647;5115;12
2147483647;5158;4;2147483647;5196;11;2147483647;5196;16
2147483647;5687;5;2147483647;5797;15;5802;0;19
2147483647;5939;4;2147483647;5990;15;2147483647;6005;26
2147483647;5556;4;2147483647;5561;5;2147483647;5561;10
2147483647;5730;5;5838;0;16;5838;0;14
2147483647;5813;8;5827;0;10;5827;0;10
2147483647;5555;5;2147483647;5622;13;2147483647;5622;18
2147483647;5147;3;2147483647;5155;4;2147483647;5155;9
2147483647;5271;5;2147483647;5307;11;2147483647;5307;15
5490;0;4;5490;0;4;5490;0;4
2147483647;5671;8;2147483647;5682;9;2147483647;5682;13
2147483647;5845;7;2147483647;5846;7;2147483647;5846;11
2147483647;5527;4;2147483647;5635;18;2147483647;5640;28
2147483647;5389;6;2147483647;5537;22;2147483647;5543;29
2147483647;5341;9;2147483647;5341;11;2147483647;5341;15
2147483647;5587;3;2147483647;5594;4;2147483647;5594;8
2147483647;5892;5;2147483647;5918;8;2147483647;5939;28
2147483647;5731;4;2147483647;5764;6;2147483647;5767;15
2147483647;5907;5;2147483647;5927;8;2147483647;5927;13
2147483647;5960;5;2147483647;5980;8;2147483647;5980;13
2147483647;5524;5;2147483647;5528;5;2147483647;5528;12
2147483647;5376;5;2147483647;5393;10;2147483647;5398;17
2147483647;5686;6;2147483647;5707;11;2147483647;5709;17
2147483647;5461;6;2147483647;5531;12;2147483647;5556;31
2147483647;5246;4;2147483647;5252;6;2147483647;5277;30
2147483647;5604;3;5607;0;3;5607;0;3
2147483647;5695;6;2147483647;5765;16;2147483647;5784;65
2147483647;5643;6;2147483647;5720;17;2147483647;5725;30
2147483647;5827;4;2147483647;5848;9;2147483647;5848;15
2147483647;6016;5;2147483647;6037;10;2147483647;6053;25
2147483647;5554;2;2147483647;5609;9;2147483647;5633;30
2147483647;5284;5;2147483647;5356;10;2147483647;5367;19
2147483647;5401;6;2147483647;5412;8;2147483647;5412;12
2147483647;5855;4;2147483647;5955;12;2147483647;5956;18
2147483647;6473;4;2147483647;6475;5;2147483647;6482;23
2147483647;5910;4;2147483647;5919;7;2147483647;5919;12
2147483647;5442;5;5442;0;5;5442;0;5
2147483647;5699;3;2147483647;5729;8;2147483647;5729;15
2147483647;5526;5;2147483647;5611;12;2147483647;5651;36
2147483647;5764;4;2147483647;5810;13;2147483647;5810;19
2147483647;5907;7;2147483647;5927;10;2147483647;5932;17
2147483647;5780;2;2147483647;5795;4;2147483647;5795;9
2147483647;5420;3;2147483647;5432;7;2147483647;5432;12
2147483647;5851;4;2147483647;5865;8;2147483647;5866;14
2147483647;5826;7;2147483647;5826;10;2147483647;5826;13
2147483647;5829;3;5830;0;3;5830;0;3
2147483647;5670;6;2147483647;5698;11;2147483647;5707;32
2147483647;5378;4;2147483647;5405;8;2147483647;5405;13
2147483647;5682;5;2147483647;5719;10;2147483647;5722;15
2147483647;5375;3;2147483647;5389;5;2147483647;5389;10
2147483647;5367;8;2147483647;5388;13;2147483647;5388;18
2147483647;5751;4;2147483647;5769;9;2147483647;5770;16
2147483647;5775;4;2147483647;5832;13;2147483647;5833;21
2147483647;5587;5;2147483647;5649;11;2147483647;5668;26
2147483647;5595;6;2147483647;5644;15;2147483647;5644;18
2147483647;5136;6;5142;0;5;5142;0;6
2147483647;5811;3;2147483647;5813;5;2147483647;5814;11
2147483647;5621;3;2147483647;5721;14;2147483647;5749;32
2147483647;5626;4;2147483647;5663;10;2147483647;5666;16
2147483647;5890;7;2147483647;5891;9;2147483647;5891;14
2147483647;5329;6;5335;0;8;5335;0;7
2147483647;5514;6;2147483647;5539;10;2147483647;5561;30
2147483647;5667;3;2147483647;5704;7;5704;0;8
2147483647;5840;5;2147483647;5881;12;2147483647;5881;18
2147483647;5883;6;2147483647;5933;19;2147483647;5933;24
2147483647;5892;8;2147483647;5929;15;2147483647;5939;37
2147483647;5523;3;2147483647;5570;15;2147483647;5575;21
2147483647;5459;6;2147483647;5483;9;2147483647;5483;14
2147483647;5667;5;2147483647;5675;6;5676;0;6
2147483647;5785;5;2147483647;5799;8;2147483647;5805;18
2147483647;5220;5;2147483647;5337;16;2147483647;5341;23
5836;0;5;5836;0;4;5836;0;4
2147483647;6078;9;2147483647;6089;10;2147483647;6089;16
2147483647;5834;4;2147483647;5899;12;2147483647;5919;31
2147483647;5792;3;5841;0;7;5841;0;7
2147483647;5829;3;2147483647;5889;11;2147483647;5909;26
2147483647;5386;5;2147483647;5398;6;2147483647;5403;18
2147483647;5558;3;2147483647;5628;8;2147483647;5640;19
2147483647;5653;6;2147483647;5654;6;2147483647;5655;13
2147483647;5126;4;2147483647;5150;9;2147483647;5150;14
2147483647;5707;6;5721;0;8;5721;0;8
2147483647;5670;3;2147483647;5727;12;2147483647;5733;24
2147483647;5730;4;2147483647;5748;6;2147483647;5748;10
2147483647;5616;5;2147483647;5661;14;2147483647;5661;20
2147483647;5474;6;2147483647;5508;10;2147483647;5508;13
2147483647;5968;3;2147483647;6074;12;2147483647;6084;15
2147483647;5084;8;2147483647;5099;10;2147483647;5099;14
2147483647;5405;4;2147483647;5507;14;2147483647;5513;22
2147483647;5846;5;2147483647;5894;11;2147483647;5894;17
5955;0;9;5955;0;8;5955;0;8
2147483647;5811;7;2147483647;5861;15;2147483647;5875;27
2147483647;5645;6;2147483647;5700;12;2147483647;5709;28
2147483647;5715;5;2147483647;5743;7;2147483647;5746;14
2147483647;5581;3;2147483647;5595;7;5604;0;9
2147483647;5557;5;2147483647;5615;8;2147483647;5615;13
2147483647;5389;6;2147483647;5418;13;2147483647;5418;17
2147483647;5312;4;2147483647;5342;11;2147483647;5342;16
2147483647;5698;4;2147483647;5754;12;2147483647;5788;35
2147483647;6046;3;2147483647;6085;8;2147483647;6092;18
2147483647;5456;5;2147483647;5497;16;2147483647;5512;30
2147483647;5643;3;2147483647;5696;8;2147483647;5700;14
2147483647;5909;3;2147483647;5942;9;2147483647;5942;16
2147483647;5241;5;2147483647;5249;7;2147483647;5249;11
2147483647;5389;3;2147483647;5611;18;2147483647;5611;23
2147483647;5694;6;2147483647;5725;15;2147483647;5725;20
2147483647;5927;5;5928;0;4;5928;0;5
2147483647;5672;4;2147483647;5673;3;2147483647;5673;8
2147483647;5205;3;5218;0;4;5218;0;4
2147483647;5039;3;5040;0;3;5040;0;2
2147483647;5559;6;2147483647;5562;7;2147483647;5562;11
2147483647;5662;2;2147483647;5687;4;2147483647;5687;9
2147483647;5229;2;2147483647;5298;10;2147483647;5313;20
2147483647;5682;6;2147483647;5713;12;2147483647;5714;17
2147483647;5719;8;2147483647;5765;13;2147483647;5769;42
2147483647;5660;3;2147483647;5668;6;2147483647;5668;11
2147483647;5574;4;2147483647;5602;7;2147483647;5617;16
2147483647;5379;5;5380;0;5;5380;0;5
2147483647;5468;3;2147483647;5549;13;2147483647;5549;15
2147483647;5590;5;2147483647;5625;9;2147483647;5626;17
2147483647;5886;3;2147483647;5954;10;2147483647;5964;20
2147483647;5767;6;2147483647;5767;6;2147483647;5767;12
2147483647;5930;3;2147483647;5967;6;2147483647;5967;11
5433;0;7;5433;0;7;5433;0;7
2147483647;5589;7;2147483647;5624;13;2147483647;5624;17
2147483647;5607;3;2147483647;5660;14;2147483647;5660;17
2147483647;5513;5;2147483647;5594;9;5594;0;10
2147483647;5840;5;2147483647;5845;8;2147483647;5845;11
2147483647;5302;4;2147483647;5302;4;2147483647;5302;10
2147483647;5942;8;2147483647;6004;12;2147483647;6012;21
2147483647;5497;5;2147483647;5518;9;2147483647;5518;14
2147483647;5188;5;2147483647;5209;9;2147483647;5212;15
5743;0;3;5743;0;4;5743;0;3
2147483647;5618;5;2147483647;5665;11;2147483647;5667;20
2147483647;6026;5;2147483647;6034;7;2147483647;6034;13
2147483647;5472;4;2147483647;5480;6;2147483647;5480;12
2147483647;5387;4;2147483647;5407;7;5408;0;7
2147483647;5838;3;2147483647;5851;6;2147483647;5851;11
2147483647;5659;5;2147483647;5668;6;2147483647;5668;13
2147483647;5879;4;2147483647;5928;8;2147483647;5929;15
2147483647;5185;5;2147483647;5223;10;2147483647;5223;14
2147483647;5336;2;2147483647;5432;12;2147483647;5432;18
2147483647;5524;6;2147483647;5573;8;5576;0;9
2147483647;5178;5;2147483647;5204;10;2147483647;5213;22
2147483647;5418;5;2147483647;5418;7;2147483647;5418;11
2147483647;5127;6;2147483647;5174;10;2147483647;5183;21
2147483647;5811;4;2147483647;5821;6;2147483647;5821;11
2147483647;5062;8;2147483647;5073;11;2147483647;5073;15
2147483647;5262;4;2147483647;5277;7;2147483647;5277;10
2147483647;5793;5;2147483647;5800;7;2147483647;5800;15
2147483647;5771;8;2147483647;5858;18;2147483647;5858;25
2147483647;5893;6;2147483647;5950;16;2147483647;5954;21
2147483647;5837;6;2147483647;5887;12;2147483647;5888;20
2147483647;5640;4;2147483647;5661;16;2147483647;5661;36
2147483647;5570;5;2147483647;5594;10;2147483647;5594;19
2147483647;5192;6;5193;0;6;5193;0;5
2147483647;5627;3;2147483647;5632;5;2147483647;5632;11
2147483647;5521;11;2147483647;5593;17;2147483647;5604;27
2147483647;5989;6;2147483647;6014;9;2147483647;6014;14
2147483647;5209;3;2147483647;5261;8;5267;0;11
5683;0;3;5683;0;3;5683;0;2
2147483647;5442;4;2147483647;5491;10;2147483647;5491;14
2147483647;5592;5;2147483647;5605;9;2147483647;5605;15
2147483647;5424;4;2147483647;5431;6;2147483647;5431;11
2147483647;6197;3;2147483647;6240;10;6241;0;12
2147483647;5608;3;2147483647;5675;12;2147483647;5704;34
2147483647;5545;5;2147483647;5572;9;2147483647;5572;15
2147483647;5778;4;2147483647;5955;16;2147483647;5963;26
2147483647;5740;6;2147483647;5770;13;2147483647;5776;27
2147483647;5699;5;2147483647;5742;12;2147483647;5742;18
2147483647;5592;6;2147483647;5611;8;2147483647;5611;14
2147483647;5505;4;2147483647;5510;5;2147483647;5511;11
2147483647;5222;3;2147483647;5227;4;2147483647;5227;8
2147483647;5230;6;2147483647;5247;8;2147483647;5247;13
2147483647;5405;4;2147483647;5553;15;2147483647;5553;20
2147483647;5282;5;2147483647;5374;19;5374;0;20
2147483647;5518;4;2147483647;5696;20;2147483647;5698;28
2147483647;5568;6;2147483647;5591;9;2147483647;5591;15
2147483647;5382;4;2147483647;5382;6;2147483647;5382;8
2147483647;5142;5;2147483647;5163;8;2147483647;5170;16
2147483647;5912;8;2147483647;5954;14;2147483647;5954;17
2147483647;5330;4;2147483647;5334;4;2147483647;5334;10
2147483647;5566;3;2147483647;5624;8;2147483647;5624;12
2147483647;5757;6;2147483647;5766;8;2147483647;5778;22
2147483647;5441;6;2147483647;5442;7;2147483647;5442;11
2147483647;5565;5;2147483647;5593;13;2147483647;5593;16
2147483647;5663;9;2147483647;5671;12;2147483647;5671;17
2147483647;4935;3;2147483647;5007;7;5046;0;22
2147483647;6035;4;2147483647;6050;9;2147483647;6050;13
2147483647;5597;4;2147483647;5643;14;2147483647;5653;27
2147483647;5430;4;2147483647;5480;11;2147483647;5484;19
2147483647;5937;5;2147483647;5997;12;5997;0;14
2147483647;5518;5;2147483647;5580;14;2147483647;5580;19
2147483647;5395;7;2147483647;5416;9;2147483647;5444;30
2147483647;5803;4;2147483647;5870;11;2147483647;5870;18
2147483647;5358;10;2147483647;5379;14;2147483647;5380;20
2147483647;5440;6;2147483647;5491;15;2147483647;5511;33
2147483647;5496;4;2147483647;5496;3;2147483647;5496;9
2147483647;6069;6;2147483647;6089;8;2147483647;6089;14
2147483647;5833;5;2147483647;5894;12;2147483647;5895;18
2147483647;6062;3;2147483647;6109;6;2147483647;6109;11
2147483647;5299;4;2147483647;5402;15;2147483647;5402;20
2147483647;5365;4;2147483647;5365;3;2147483647;5365;8
2147483647;5185;4;2147483647;5188;5;2147483647;5188;10
2147483647;5450;9;2147483647;5453;10;2147483647;5486;25
2147483647;5531;3;2147483647;5575;13;2147483647;5589;25
2147483647;5327;2;2147483647;5346;6;2147483647;5347;12
2147483647;5441;6;2147483647;5478;15;2147483647;5479;22
2147483647;5986;6;2147483647;6019;8;2147483647;6020;14
2147483647;5559;6;2147483647;5579;11;2147483647;5582;20
2147483647;5851;6;2147483647;5885;10;2147483647;5885;15
2147483647;5341;6;2147483647;5353;8;2147483647;5355;12
2147483647;5761;4;2147483647;5841;9;2147483647;5846;19
2147483647;5481;6;2147483647;5481;7;2147483647;5481;12
2147483647;5371;5;2147483647;5433;16;2147483647;5433;20
2147483647;5742;5;2147483647;5756;9;2147483647;5756;12
2147483647;5895;5;2147483647;5897;5;2147483647;5898;11
2147483647;5377;5;2147483647;5451;18;2147483647;5455;29
2147483647;5721;5;2147483647;5780;10;2147483647;5784;18
2147483647;5642;4;2147483647;5688;10;2147483647;5690;19
2147483647;5653;4;2147483647;5685;14;2147483647;5688;21
2147483647;5470;4;2147483647;5513;7;5515;0;9
2147483647;5428;3;5428;0;3;5428;0;3
2147483647;5767;6;2147483647;5805;18;2147483647;5814;28
2147483647;5502;5;2147483647;5556;12;2147483647;5556;18
2147483647;6120;4;2147483647;6129;6;2147483647;6156;21
2147483647;5698;5;5785;0;12;5785;0;11
2147483647;5716;5;2147483647;5794;18;2147483647;5802;31
2147483647;6045;4;6076;0;11;6076;0;10
2147483647;5799;2;2147483647;5815;5;2147483647;5826;18
2147483647;5724;5;2147483647;5741;10;2147483647;5741;15
2147483647;5288;5;2147483647;5317;11;2147483647;5317;14
2147483647;5378;8;5385;0;11;5385;0;10
2147483647;5516;9;5558;0;16;5558;0;16
2147483647;5665;3;2147483647;5667;3;2147483647;5667;8
2147483647;5702;5;2147483647;5723;8;2147483647;5724;12
2147483647;5227;4;2147483647;5264;9;2147483647;5269;17
2147483647;5280;3;2147483647;5284;5;2147483647;5284;9
2147483647;5784;11;2147483647;5872;20;2147483647;5872;27
2147483647;5522;6;2147483647;5576;15;2147483647;5580;21
2147483647;5426;4;2147483647;5426;4;2147483647;5426;9
2147483647;6383;5;2147483647;6383;5;2147483647;6383;9
2147483647;5723;5;2147483647;5755;8;2147483647;5755;14
2147483647;5339;5;2147483647;5361;8;2147483647;5362;17
2147483647;6287;7;2147483647;6446;23;2147483647;6446;29
2147483647;5622;7;2147483647;5650;10;2147483647;5659;25
2147483647;5218;5;2147483647;5247;10;2147483647;5262;34
2147483647;5526;5;2147483647;5548;7;2147483647;5561;16
2147483647;5826;8;5834;0;11;5834;0;9
2147483647;5574;4;2147483647;5578;5;2147483647;5590;12
2147483647;5685;4;2147483647;5714;11;2147483647;5719;19
2147483647;5154;6;2147483647;5287;23;2147483647;5302;41
2147483647;5707;7;2147483647;5776;20;5788;0;31
2147483647;5946;5;2147483647;6001;15;2147483647;6001;20
2147483647;6099;7;2147483647;6129;11;2147483647;6139;35
2147483647;5659;7;2147483647;5688;13;2147483647;5688;16
2147483647;6107;6;2147483647;6158;10;2147483647;6163;22
2147483647;5124;9;5167;0;13;5167;0;13
2147483647;5695;6;2147483647;5840;22;2147483647;5843;37
2147483647;5689;5;2147483647;5721;7;2147483647;5721;13
2147483647;5760;4;2147483647;5801;10;2147483647;5822;44
2147483647;5738;7;2147483647;5767;14;2147483647;5767;20
2147483647;5514;7;2147483647;5549;13;2147483647;5549;17
2147483647;5321;4;2147483647;5359;7;2147483647;5360;14
2147483647;5694;5;2147483647;5729;13;2147483647;5729;15
2147483647;5613;5;2147483647;5659;15;2147483647;5660;27
2147483647;5218;7;2147483647;5286;15;2147483647;5300;30
2147483647;5884;5;2147483647;5936;12;2147483647;5943;22
2147483647;5179;3;5252;0;8;5252;0;8
2147483647;5394;7;2147483647;5395;9;2147483647;5395;13
2147483647;5670;8;2147483647;5686;13;5694;0;18
2147483647;6073;5;2147483647;6151;14;2147483647;6155;24
2147483647;5999;6;2147483647;6039;10;2147483647;6039;14
2147483647;5517;4;2147483647;5526;5;2147483647;5526;10
2147483647;5905;4;2147483647;5974;20;2147483647;5974;27
2147483647;5852;5;2147483647;5908;16;2147483647;5919;36
2147483647;5694;5;2147483647;5743;14;5764;0;34
2147483647;5974;4;2147483647;5998;8;2147483647;5998;13
2147483647;5371;3;2147483647;5512;23;2147483647;5523;36
2147483647;5160;7;2147483647;5332;18;2147483647;5334;20
2147483647;5652;6;2147483647;5669;10;2147483647;5669;13
2147483647;5694;5;2147483647;5695;7;2147483647;5695;10
5628;0;5;5628;0;5;5628;0;6
2147483647;5695;3;2147483647;5717;8;2147483647;5717;12
2147483647;5503;6;2147483647;5504;6;2147483647;5504;12
2147483647;5561;3;5567;0;5;5567;0;4
2147483647;5145;5;2147483647;5165;10;2147483647;5166;16
2147483647;5344;6;2147483647;5352;7;2147483647;5352;12
2147483647;5568;3;2147483647;5599;10;2147483647;5599;16
2147483647;5840;6;2147483647;5875;9;2147483647;5875;13
2147483647;5664;3;2147483647;5732;8;2147483647;5732;11
2147483647;5633;4;2147483647;5647;7;2147483647;5662;32
2147483647;5805;4;2147483647;5823;6;2147483647;5823;10
2147483647;5722;4;2147483647;5722;4;2147483647;5722;8
2147483647;5015;6;2147483647;5038;8;2147483647;5049;24
2147483647;5600;5;2147483647;5666;15;2147483647;5667;22
2147483647;5620;5;2147483647;5631;8;2147483647;5638;25
2147483647;5829;6;2147483647;5861;8;2147483647;5861;13
2147483647;5739;5;5754;0;8;5754;0;6
2147483647;6024;4;2147483647;6076;8;6077;0;9
2147483647;5560;7;2147483647;5574;8;2147483647;5574;13
2147483647;6028;3;2147483647;6074;10;2147483647;6083;20
2147483647;5752;3;2147483647;5774;7;2147483647;5774;10
2147483647;5544;3;5694;0;11;5694;0;10
2147483647;6049;5;2147483647;6083;9;2147483647;6095;20
2147483647;5733;5;2147483647;5743;7;2147483647;5744;13
2147483647;5687;6;2147483647;5720;11;2147483647;5720;16
2147483647;6023;9;2147483647;6101;16;2147483647;6101;22
2147483647;5741;7;2147483647;5767;12;2147483647;5767;17
2147483647;5600;6;5630;0;10;5630;0;11
2147483647;5676;6;5676;0;5;5676;0;5
2147483647;5764;8;2147483647;5792;19;2147483647;5838;48
2147483647;5453;6;2147483647;5473;11;2147483647;5484;31
2147483647;5825;3;2147483647;5842;6;5844;0;5
2147483647;5324;5;2147483647;5386;13;2147483647;5386;19
2147483647;5680;6;2147483647;5712;11;2147483647;5718;18
2147483647;5388;6;2147483647;5410;11;2147483647;5442;33
2147483647;6127;4;2147483647;6162;7;2147483647;6167;15
2147483647;5492;6;2147483647;5506;12;2147483647;5515;24
2147483647;6191;6;2147483647;6254;15;2147483647;6254;21
2147483647;5352;3;2147483647;5352;4;2147483647;5352;8
2147483647;6059;6;2147483647;6095;12;6099;0;17
2147483647;5525;3;2147483647;5583;9;2147483647;5589;16
2147483647;6057;4;2147483647;6078;7;2147483647;6089;16
2147483647;5218;6;2147483647;5251;9;2147483647;5283;35
2147483647;5972;6;2147483647;6001;9;6003;0;11
2147483647;5475;4;2147483647;5529;10;2147483647;5538;20
2147483647;5589;6;5639;0;11;5639;0;10
2147483647;5907;6;2147483647;5940;14;2147483647;5943;21
2147483647;5691;5;2147483647;5696;7;2147483647;5696;13
2147483647;5479;5;2147483647;5492;6;2147483647;5492;11
2147483647;5427;5;2147483647;5486;11;2147483647;5644;58
2147483647;5810;5;2147483647;5843;9;2147483647;5884;47
2147483647;5822;4;2147483647;5910;12;2147483647;5910;20
2147483647;5621;4;2147483647;5623;6;2147483647;5623;10
2147483647;5961;4;2147483647;6000;9;2147483647;6000;13
2147483647;5290;5;2147483647;5290;7;2147483647;5290;10
2147483647;5316;4;2147483647;5347;5;2147483647;5347;9
2147483647;5830;5;2147483647;5846;9;2147483647;5852;31
2147483647;5477;5;2147483647;5483;5;2147483647;5483;10
2147483647;5702;5;2147483647;5719;6;2147483647;5719;11
2147483647;5514;7;2147483647;5519;8;2147483647;5519;15
2147483647;5714;6;2147483647;5774;12;2147483647;5775;18
2147483647;5861;6;2147483647;5888;7;2147483647;5888;11
6099;0;2;6099;0;3;6099;0;3
2147483647;5760;5;2147483647;5885;15;2147483647;5893;24
2147483647;5606;10;2147483647;5607;10;2147483647;5607;14
2147483647;5726;5;2147483647;5768;15;2147483647;5769;21
2147483647;5635;4;2147483647;5652;7;2147483647;5652;11
2147483647;5664;6;2147483647;5675;9;2147483647;5675;12
2147483647;5656;4;2147483647;5694;10;2147483647;5734;35
2147483647;5458;4;2147483647;5570;13;2147483647;5570;19
5742;0;3;5742;0;3;5742;0;4
2147483647;5824;2;2147483647;5860;12;2147483647;5860;17
2147483647;5721;4;2147483647;5739;8;2147483647;5741;14
2147483647;5689;5;2147483647;5689;6;2147483647;5689;10
2147483647;5468;5;2147483647;5477;6;2147483647;5477;12
2147483647;5673;5;2147483647;5709;13;2147483647;5711;25
2147483647;5725;9;2147483647;5753;12;2147483647;5760;22
2147483647;5486;2;2147483647;5505;6;2147483647;5505;12
2147483647;5001;6;2147483647;5051;13;2147483647;5051;21
2147483647;5486;5;2147483647;5494;8;2147483647;5494;11
2147483647;5841;5;2147483647;5878;12;2147483647;5878;16
2147483647;5471;7;2147483647;5547;17;5560;0;30
2147483647;5655;5;2147483647;5726;12;2147483647;5745;38
2147483647;5517;2;2147483647;5520;4;2147483647;5520;9
2147483647;5681;5;2147483647;5691;7;2147483647;5691;11
2147483647;5797;7;2147483647;5797;7;2147483647;5797;12
2147483647;5265;4;2147483647;5290;9;2147483647;5290;13
2147483647;5538;4;2147483647;5561;7;2147483647;5586;38
2147483647;5246;4;2147483647;5270;8;2147483647;5270;12
2147483647;5615;3;2147483647;5660;9;2147483647;5671;18
2147483647;5464;5;2147483647;5536;11;2147483647;5571;34
2147483647;5598;4;2147483647;5618;8;2147483647;5622;19
2147483647;5740;6;2147483647;5759;9;2147483647;5765;21
2147483647;5378;4;2147483647;5393;6;2147483647;5393;11
2147483647;5285;3;2147483647;5342;12;2147483647;5342;16
2147483647;5587;9;2147483647;5657;20;2147483647;5657;24
2147483647;5420;4;5422;0;3;5422;0;4
2147483647;5427;3;5430;0;4;5430;0;4
2147483647;5438;3;2147483647;5470;7;2147483647;5470;11
2147483647;5631;4;2147483647;5693;10;2147483647;5693;17
2147483647;5889;5;2147483647;5912;9;2147483647;5928;24
2147483647;5542;4;2147483647;5548;7;2147483647;5548;11
2147483647;5535;3;2147483647;5545;7;2147483647;5551;25
2147483647;5332;4;2147483647;5481;24;2147483647;5499;35
2147483647;5935;4;5946;0;6;5946;0;6
2147483647;5470;3;2147483647;5515;10;5516;0;11
2147483647;5719;5;2147483647;5746;11;2147483647;5747;18
2147483647;5120;4;2147483647;5120;4;2147483647;5120;10
2147483647;5474;3;2147483647;5482;5;2147483647;5485;12
2147483647;5095;6;2147483647;5204;17;2147483647;5204;22
2147483647;5368;6;2147483647;5502;19;2147483647;5508;28
2147483647;5552;3;2147483647;5652;12;2147483647;5672;28
2147483647;5371;4;2147483647;5398;7;2147483647;5398;16
2147483647;5470;9;2147483647;5470;9;2147483647;5470;14
2147483647;5187;4;2147483647;5245;9;2147483647;5258;19
2147483647;6177;4;6205;0;9;6205;0;8
2147483647;5396;5;2147483647;5463;14;5494;0;35
2147483647;5564;3;2147483647;5583;8;2147483647;5584;14
2147483647;5195;6;2147483647;5295;11;2147483647;5295;15
2147483647;5895;4;2147483647;6032;26;2147483647;6040;51
5752;0;3;5752;0;2;5752;0;3
2147483647;5337;4;2147483647;5368;7;2147483647;5368;12
2147483647;5791;8;5830;0;15;5830;0;13
2147483647;5570;6;2147483647;5620;16;2147483647;5620;21
2147483647;6012;4;2147483647;6045;8;2147483647;6047;19
2147483647;5058;4;5073;0;7;5073;0;6
2147483647;5892;4;2147483647;5900;5;2147483647;5900;10
2147483647;5649;3;2147483647;5673;6;2147483647;5673;11
2147483647;5481;6;2147483647;5516;11;2147483647;5518;16
2147483647;5970;5;2147483647;6002;8;2147483647;6002;13
2147483647;5976;5;2147483647;6000;7;6001;0;7
2147483647;5662;12;2147483647;5764;30;2147483647;5792;50
2147483647;5754;3;5763;0;4;5763;0;4
2147483647;5632;4;2147483647;5788;17;2147483647;5788;22
2147483647;5298;4;2147483647;5344;9;2147483647;5347;17
2147483647;5507;4;5513;0;4;5513;0;6
2147483647;5597;4;2147483647;5627;7;2147483647;5627;13
2147483647;5426;3;2147483647;5433;6;2147483647;5433;10
2147483647;5297;5;2147483647;5322;7;2147483647;5322;13
2147483647;5632;5;2147483647;5661;9;2147483647;5661;14
2147483647;5588;5;2147483647;5611;7;2147483647;5613;19
2147483647;5510;8;2147483647;5555;13;2147483647;5555;21
2147483647;5428;3;5466;0;6;5466;0;6
2147483647;5845;4;2147483647;5874;7;2147483647;5875;15
5463;0;3;5463;0;2;5463;0;2
2147483647;5335;3;2147483647;5393;18;2147483647;5393;23
2147483647;5864;8;2147483647;5888;11;2147483647;5888;15
2147483647;5681;4;2147483647;5707;7;2147483647;5707;11
2147483647;5361;6;2147483647;5405;12;2147483647;5405;16
2147483647;5801;5;2147483647;5801;5;2147483647;5801;10
2147483647;5862;4;2147483647;5923;14;2147483647;5923;18
2147483647;5580;7;2147483647;5600;15;2147483647;5606;26
2147483647;5338;3;5372;0;6;5372;0;6
2147483647;5514;3;2147483647;5524;4;2147483647;5524;10
2147483647;5809;3;2147483647;5825;7;2147483647;5828;14
2147483647;5413;4;2147483647;5422;5;2147483647;5422;11
2147483647;5936;7;2147483647;5960;11;2147483647;5987;31
2147483647;5411;2;2147483647;5440;6;2147483647;5440;12
2147483647;5780;3;2147483647;5801;11;2147483647;5802;14
2147483647;5422;5;2147483647;5444;11;2147483647;5452;25
2147483647;5621;5;2147483647;5631;6;2147483647;5631;11
2147483647;5481;6;2147483647;5508;9;2147483647;5520;20
2147483647;5308;3;2147483647;5351;10;2147483647;5352;14
2147483647;5715;5;2147483647;5758;8;2147483647;5758;15
2147483647;5250;2;2147483647;5260;5;2147483647;5260;10
5175;0;2;5175;0;3;5175;0;2
2147483647;5187;4;2147483647;5242;10;2147483647;5244;19
2147483647;5560;4;2147483647;5571;10;2147483647;5571;14
2147483647;5442;10;2147483647;5449;11;2147483647;5449;17
2147483647;5597;8;2147483647;5649;14;2147483647;5649;21
2147483647;5937;5;2147483647;5963;11;2147483647;5963;17
5521;0;6;5521;0;5;5521;0;4
2147483647;5872;4;2147483647;5920;12;2147483647;5922;21
2147483647;5132;5;2147483647;5172;12;2147483647;5182;24
2147483647;5803;4;2147483647;5823;6;2147483647;5836;15
2147483647;6194;4;2147483647;6214;7;2147483647;6217;16
2147483647;5398;7;2147483647;5398;5;2147483647;5398;11
2147483647;5617;7;2147483647;5713;15;2147483647;5719;29
2147483647;5230;7;2147483647;5324;19;2147483647;5324;25
2147483647;5570;4;2147483647;5633;19;2147483647;5644;42
2147483647;5618;6;2147483647;5637;10;2147483647;5637;16
2147483647;5691;6;2147483647;5812;34;2147483647;5829;40
2147483647;5974;4;2147483647;5978;5;2147483647;5978;9
2147483647;5810;7;2147483647;5830;12;2147483647;5834;20
2147483647;5879;1;2147483647;5930;9;2147483647;5930;14
2147483647;5265;5;2147483647;5310;13;5311;0;13
2147483647;5561;4;2147483647;5684;31;5684;0;29
2147483647;5647;6;2147483647;5705;18;2147483647;5712;27
2147483647;5889;5;2147483647;5892;5;2147483647;5892;10
2147483647;5489;6;5588;0;12;5588;0;13
2147483647;5762;3;2147483647;5843;11;2147483647;5843;15
2147483647;5443;6;2147483647;5476;9;2147483647;5477;17
2147483647;5615;3;2147483647;5618;4;2147483647;5618;9
2147483647;5696;7;2147483647;5779;13;2147483647;5805;31
2147483647;5338;4;2147483647;5341;5;2147483647;5341;9
2147483647;5918;4;2147483647;5918;4;2147483647;5918;9
2147483647;6027;6;2147483647;6036;9;2147483647;6036;17
2147483647;5613;2;2147483647;5626;5;2147483647;5627;12
2147483647;5559;5;2147483647;5575;8;2147483647;5575;13
2147483647;5595;5;2147483647;5648;13;2147483647;5655;22
2147483647;5537;4;5576;0;7;5576;0;7
2147483647;5758;4;2147483647;5829;16;2147483647;5829;23
2147483647;6105;2;2147483647;6143;7;2147483647;6143;11
2147483647;5856;4;2147483647;5865;6;2147483647;5866;12
2147483647;5828;3;2147483647;5847;5;2147483647;5847;10
2147483647;5687;4;2147483647;5710;7;2147483647;5721;18
2147483647;5145;3;2147483647;5166;6;2147483647;5166;11
2147483647;5305;5;2147483647;5377;13;2147483647;5394;32
2147483647;5923;5;2147483647;5958;9;2147483647;5960;14
2147483647;5487;3;2147483647;5504;5;2147483647;5504;10
2147483647;5635;4;2147483647;5723;14;2147483647;5728;26
2147483647;5415;5;2147483647;5496;14;2147483647;5496;19
2147483647;5810;6;2147483647;5823;7;2147483647;5823;12
2147483647;5474;4;2147483647;5536;13;2147483647;5538;20
2147483647;5292;5;5305;0;7;5305;0;6
2147483647;5487;4;2147483647;5493;6;2147483647;5493;11
2147483647;5723;4;2147483647;5784;13;2147483647;5792;23
2147483647;5483;4;2147483647;5524;9;2147483647;5524;14
2147483647;5283;4;2147483647;5424;20;2147483647;5428;30
2147483647;5849;4;2147483647;5877;5;2147483647;5877;11
2147483647;5875;6;2147483647;5896;10;2147483647;5912;47
2147483647;5925;7;2147483647;5943;11;2147483647;5947;20
2147483647;5890;4;2147483647;5950;10;5951;0;10
2147483647;5584;4;5601;0;7;5601;0;6
2147483647;5823;3;2147483647;5860;10;2147483647;5869;21
2147483647;5717;6;2147483647;5751;12;2147483647;5751;16
2147483647;5225;6;2147483647;5234;8;2147483647;5234;12
2147483647;5687;3;2147483647;5702;7;2147483647;5702;12
2147483647;5001;5;2147483647;5051;14;2147483647;5062;24
2147483647;5558;4;2147483647;5595;7;2147483647;5595;12
2147483647;5473;6;2147483647;5493;12;2147483647;5493;17
2147483647;5539;5;2147483647;5575;12;2147483647;5575;16
2147483647;6138;5;2147483647;6151;6;6152;0;6
2147483647;5207;5;2147483647;5278;18;2147483647;5289;33
2147483647;5827;5;2147483647;5905;16;2147483647;5906;25
2147483647;5409;4;5424;0;5;5424;0;5
2147483647;5579;4;2147483647;5596;8;2147483647;5608;22
2147483647;5643;6;2147483647;5667;10;2147483647;5667;15
2147483647;5719;4;2147483647;5729;6;2147483647;5729;10
2147483647;5669;6;2147483647;5747;14;2147483647;5758;29
2147483647;5545;7;2147483647;5565;9;2147483647;5565;14
2147483647;5857;3;5859;0;4;5859;0;4
2147483647;5524;5;2147483647;5542;9;2147483647;5548;21
2147483647;5809;4;2147483647;5817;6;2147483647;5817;9
2147483647;5881;6;2147483647;5972;18;2147483647;5972;21
2147483647;5118;5;2147483647;5123;7;5125;0;8
2147483647;5857;6;5858;0;6;5858;0;6
2147483647;5748;3;2147483647;5814;7;2147483647;5818;19
2147483647;5281;4;2147483647;5327;11;2147483647;5327;17
2147483647;5906;4;5982;0;9;5982;0;9
2147483647;5344;5;2147483647;5383;8;2147483647;5383;14
2147483647;5845;6;2147483647;5854;9;2147483647;5855;15
2147483647;5864;5;2147483647;5956;14;2147483647;5956;21
2147483647;5266;4;2147483647;5347;9;2147483647;5347;13
2147483647;5698;5;2147483647;5752;8;5752;0;10
2147483647;5773;4;2147483647;5775;6;2147483647;5776;11
2147483647;5533;6;2147483647;5538;6;2147483647;5542;19
2147483647;5519;9;2147483647;5576;19;2147483647;5576;25
2147483647;5692;3;2147483647;5800;11;2147483647;5827;55
2147483647;5488;6;2147483647;5494;6;2147483647;5495;13
2147483647;5848;6;2147483647;5885;11;2147483647;5885;13
2147483647;5618;4;2147483647;5630;5;2147483647;5638;14
2147483647;5933;4;2147483647;6013;19;2147483647;6014;24
2147483647;5554;6;2147483647;5566;11;2147483647;5572;20
2147483647;5270;5;2147483647;5343;12;2147483647;5352;25
2147483647;5434;4;2147483647;5473;5;2147483647;5473;12
2147483647;5429;7;2147483647;5471;15;2147483647;5474;23
2147483647;5422;4;2147483647;5454;9;2147483647;5454;15
2147483647;6055;5;2147483647;6085;9;2147483647;6085;13
2147483647;5113;7;2147483647;5126;8;2147483647;5126;12
2147483647;5568;4;2147483647;5579;6;2147483647;5579;13
2147483647;5251;4;2147483647;5252;7;2147483647;5252;11
2147483647;5611;5;2147483647;5642;9;2147483647;5642;15
2147483647;5471;5;2147483647;5477;6;2147483647;5495;19
2147483647;5892;5;2147483647;5932;10;2147483647;5943;28
2147483647;5301;5;2147483647;5393;14;2147483647;5393;18
2147483647;5633;3;2147483647;5777;13;2147483647;5777;16
2147483647;5678;4;2147483647;5697;10;2147483647;5697;14
2147483647;5571;4;2147483647;5654;16;2147483647;5655;25
2147483647;5710;6;2147483647;5758;19;2147483647;5771;30
2147483647;5782;12;2147483647;5782;12;2147483647;5782;16
2147483647;5765;2;5779;0;4;5779;0;4
2147483647;6494;5;2147483647;6511;8;2147483647;6524;31
2147483647;5606;5;5637;0;10;5637;0;9
2147483647;5274;7;2147483647;5404;25;2147483647;5404;30
2147483647;6023;5;2147483647;6043;7;2147483647;6043;13
2147483647;5640;7;2147483647;5650;7;2147483647;5683;29
2147483647;5420;3;2147483647;5444;7;2147483647;5444;12
2147483647;5933;5;2147483647;5968;9;2147483647;5968;13
2147483647;5088;8;2147483647;5088;7;2147483647;5088;13
2147483647;5617;5;2147483647;5624;8;2147483647;5624;12
2147483647;5127;5;2147483647;5247;19;2147483647;5268;31
2147483647;5523;5;2147483647;5542;8;2147483647;5542;14
2147483647;6228;4;2147483647;6264;10;2147483647;6267;22
2147483647;5294;5;2147483647;5294;5;2147483647;5294;11
2147483647;5654;5;2147483647;5755;24;2147483647;5763;37
2147483647;5408;7;5457;0;10;5457;0;11
2147483647;5464;5;2147483647;5484;8;2147483647;5484;14
2147483647;5788;6;2147483647;5802;9;2147483647;5811;28
2147483647;5404;4;2147483647;5422;9;2147483647;5430;19
2147483647;5712;4;2147483647;5750;12;2147483647;5772;41
2147483647;5764;4;2147483647;5794;7;2147483647;5794;14
2147483647;5533;6;2147483647;5538;9;2147483647;5540;16
2147483647;5640;5;2147483647;5776;18;2147483647;5780;26
2147483647;5754;7;2147483647;5761;8;2147483647;5761;13
2147483647;5707;12;2147483647;5708;13;2147483647;5708;20
2147483647;5180;6;2147483647;5184;8;2147483647;5192;18
2147483647;5509;4;2147483647;5528;5;2147483647;5538;15
2147483647;5398;7;2147483647;5460;12;5485;0;20
2147483647;6047;5;2147483647;6063;8;2147483647;6063;13
2147483647;6005;3;2147483647;6046;12;2147483647;6048;20
2147483647;5433;2;2147483647;5442;3;2147483647;5442;7
2147483647;5552;5;5587;0;9;5587;0;8
2147483647;5777;6;2147483647;5816;11;2147483647;5816;17
2147483647;5435;6;5456;0;8;5456;0;8
2147483647;5816;6;2147483647;5841;12;2147483647;5843;19
2147483647;5645;6;2147483647;5648;9;5665;0;27
2147483647;5520;5;2147483647;5564;9;2147483647;5564;15
2147483647;5435;4;2147483647;5486;13;2147483647;5488;19
2147483647;5335;2;2147483647;5349;4;2147483647;5349;9
2147483647;5432;7;2147483647;5463;10;2147483647;5485;29
2147483647;5343;4;2147483647;5382;8;2147483647;5382;14
2147483647;5552;8;2147483647;5613;16;2147483647;5616;25
2147483647;5519;5;2147483647;5522;5;2147483647;5524;13
2147483647;5730;6;2147483647;5742;8;2147483647;5742;13
2147483647;5501;5;2147483647;5502;6;2147483647;5502;10
2147483647;5436;4;2147483647;5477;7;2147483647;5477;13
2147483647;5474;3;2147483647;5497;6;2147483647;5497;9
2147483647;5373;4;2147483647;5396;9;2147483647;5396;13
2147483647;5961;4;2147483647;6118;15;2147483647;6140;50
2147483647;5812;3;2147483647;5884;20;2147483647;5890;30
2147483647;5115;4;2147483647;5131;18;2147483647;5131;15
2147483647;5361;5;2147483647;5377;7;2147483647;5377;16
2147483647;5400;8;2147483647;5423;15;2147483647;5425;21
2147483647;5315;4;2147483647;5318;6;2147483647;5318;10
2147483647;5907;6;2147483647;5939;9;2147483647;5941;20
2147483647;5551;4;2147483647;5571;8;2147483647;5573;12
2147483647;5779;7;2147483647;5837;18;2147483647;5855;33
2147483647;5257;4;2147483647;5274;8;2147483647;5274;14
5815;0;1;5815;0;2;5815;0;2
2147483647;5719;5;2147483647;5737;7;2147483647;5739;16
2147483647;5445;5;2147483647;5471;9;2147483647;5471;13
2147483647;5577;7;2147483647;5699;19;2147483647;5699;26
2147483647;5408;5;2147483647;5606;18;2147483647;5607;24
2147483647;5325;2;2147483647;5410;9;2147483647;5420;22
2147483647;5306;3;2147483647;5329;6;2147483647;5329;11
2147483647;5843;6;2147483647;5887;14;2147483647;5894;27
2147483647;5042;6;2147483647;5049;8;2147483647;5049;11
2147483647;6025;4;2147483647;6150;12;2147483647;6150;17
2147483647;5916;3;2147483647;5977;11;2147483647;5977;15
2147483647;5362;4;2147483647;5413;9;2147483647;5437;27
2147483647;5351;8;2147483647;5361;10;2147483647;5366;19
2147483647;5560;5;2147483647;5690;22;2147483647;5705;33
2147483647;5594;4;2147483647;5818;18;2147483647;5818;26
2147483647;5737;7;2147483647;5743;9;2147483647;5743;12
2147483647;5955;4;2147483647;6005;9;2147483647;6006;15
2147483647;5700;8;2147483647;5713;11;2147483647;5715;16
2147483647;5304;3;2147483647;5315;5;2147483647;5315;9
2147483647;5303;5;2147483647;5335;9;2147483647;5338;17
2147483647;5926;6;2147483647;5937;9;2147483647;5955;21
2147483647;5920;7;2147483647;5935;10;2147483647;5950;40
2147483647;5440;4;5440;0;5;5440;0;4
2147483647;6057;7;2147483647;6088;10;2147483647;6088;17
2147483647;5713;5;2147483647;5735;8;2147483647;5735;12
2147483647;5772;3;2147483647;5902;16;2147483647;5902;20
2147483647;5528;4;2147483647;5533;5;2147483647;5539;13
2147483647;5587;6;2147483647;5625;9;2147483647;5625;14
2147483647;5231;3;2147483647;5312;9;2147483647;5313;15
2147483647;5508;5;2147483647;5548;12;2147483647;5567;27
2147483647;5507;3;2147483647;5548;7;2147483647;5548;13
2147483647;5806;5;2147483647;5808;6;5809;0;8
2147483647;5028;2;2147483647;5066;8;2147483647;5068;14
2147483647;5431;4;2147483647;5468;10;2147483647;5468;15
2147483647;5796;6;2147483647;5899;16;5902;0;20
2147483647;5886;5;5887;0;5;5887;0;4
2147483647;5864;5;2147483647;6008;17;2147483647;6008;22
2147483647;5531;3;2147483647;5566;7;2147483647;5566;11
2147483647;5695;7;2147483647;5753;19;2147483647;5759;27
2147483647;5692;3;2147483647;5752;13;2147483647;5752;19
2147483647;5660;6;5714;0;10;5714;0;10
2147483647;5558;4;2147483647;5564;5;2147483647;5564;10
2147483647;5735;5;2147483647;5827;13;2147483647;5850;51
2147483647;5378;5;2147483647;5413;12;2147483647;5447;50
2147483647;5674;5;2147483647;5701;10;2147483647;5701;16
2147483647;5962;7;2147483647;5965;7;2147483647;5965;13
2147483647;5403;12;5473;0;16;5473;0;15
2147483647;5532;5;5550;0;6;5550;0;7
2147483647;6094;5;2147483647;6121;9;2147483647;6125;24
2147483647;5363;5;2147483647;5392;13;2147483647;5393;20
2147483647;5540;3;2147483647;5546;7;2147483647;5559;19
2147483647;5564;4;2147483647;5577;6;2147483647;5577;11
2147483647;5480;6;2147483647;5491;8;5492;0;9
2147483647;5274;5;2147483647;5299;9;2147483647;5323;33
2147483647;5555;6;2147483647;5615;19;2147483647;5630;40
2147483647;5411;4;2147483647;5449;7;2147483647;5449;11
2147483647;5160;6;2147483647;5175;8;2147483647;5182;21
2147483647;5653;5;2147483647;5690;12;2147483647;5715;32
2147483647;5929;6;2147483647;5966;17;2147483647;5967;23
6096;0;4;6096;0;4;6096;0;3
2147483647;5191;6;2147483647;5311;19;2147483647;5324;33
2147483647;5263;5;2147483647;5291;6;5291;0;7
2147483647;5398;6;2147483647;5414;11;2147483647;5416;17
2147483647;5122;5;2147483647;5206;17;2147483647;5215;31
2147483647;5954;9;2147483647;5985;13;2147483647;5994;21
2147483647;5659;5;2147483647;5682;13;2147483647;5688;26
2147483647;5328;3;2147483647;5339;5;2147483647;5339;10
2147483647;5599;7;2147483647;5637;13;2147483647;5637;17
2147483647;5349;5;2147483647;5395;9;2147483647;5395;14
2147483647;5669;5;2147483647;5794;17;2147483647;5794;23
2147483647;5586;8;2147483647;5603;13;2147483647;5612;23
2147483647;5177;4;2147483647;5366;25;2147483647;5374;38
2147483647;5438;4;2147483647;5571;19;2147483647;5571;26
2147483647;6182;7;2147483647;6214;11;2147483647;6223;22
2147483647;5295;3;2147483647;5330;6;2147483647;5330;13
2147483647;6380;3;2147483647;6391;7;2147483647;6391;12
2147483647;5731;6;2147483647;5789;11;2147483647;5791;15
2147483647;5611;7;2147483647;5701;12;2147483647;5701;20
2147483647;5392;8;2147483647;5448;11;2147483647;5510;80
2147483647;5595;7;2147483647;5599;8;2147483647;5599;15
2147483647;5602;6;2147483647;5638;14;2147483647;5639;20
2147483647;5328;5;2147483647;5488;28;2147483647;5515;47
2147483647;5608;8;2147483647;5642;15;2147483647;5647;22
2147483647;4861;6;2147483647;4960;15;2147483647;4980;24
2147483647;5560;5;2147483647;5594;12;2147483647;5595;19
2147483647;5853;6;5867;0;6;5867;0;5
2147483647;5275;6;5369;0;15;5369;0;15
2147483647;5373;6;2147483647;5427;15;2147483647;5439;26
2147483647;5588;7;2147483647;5640;12;5640;0;12
2147483647;5220;5;2147483647;5244;6;5246;0;9
2147483647;5618;5;2147483647;5626;4;2147483647;5626;10
2147483647;5788;6;2147483647;5874;18;2147483647;5902;32
2147483647;5563;4;2147483647;5643;15;2147483647;5645;20
2147483647;5384;4;2147483647;5460;11;2147483647;5477;44
2147483647;5790;2;2147483647;5859;10;2147483647;5859;14
2147483647;5853;5;2147483647;5905;14;2147483647;5913;23
2147483647;5676;4;2147483647;5714;11;2147483647;5723;18
2147483647;6059;4;2147483647;6068;6;2147483647;6068;11
2147483647;5907;4;2147483647;5929;7;2147483647;5937;15
2147483647;5601;4;2147483647;5655;14;2147483647;5655;18
2147483647;5649;5;2147483647;5710;22;2147483647;5710;27
2147483647;5667;3;2147483647;5711;9;2147483647;5718;24
2147483647;5659;10;2147483647;5733;19;2147483647;5735;25
2147483647;6141;3;2147483647;6161;6;2147483647;6161;10
2147483647;5706;5;2147483647;5745;13;2147483647;5746;15
2147483647;5404;5;2147483647;5438;10;2147483647;5438;14
2147483647;5439;5;5531;0;9;5531;0;9
2147483647;6180;12;2147483647;6205;17;2147483647;6205;21
2147483647;5305;6;2147483647;5370;11;2147483647;5370;16
2147483647;5987;5;2147483647;5997;7;2147483647;5997;12
2147483647;5455;7;2147483647;5455;7;2147483647;5455;13
2147483647;5467;5;2147483647;5506;13;5511;0;18
2147483647;5679;9;2147483647;5694;11;2147483647;5720;56
2147483647;5854;4;2147483647;5870;7;2147483647;5875;16
2147483647;5737;4;2147483647;5782;8;2147483647;5784;13
2147483647;5310;4;2147483647;5392;15;2147483647;5400;29
2147483647;5702;4;2147483647;5722;6;5723;0;6
2147483647;5739;4;2147483647;5851;18;2147483647;5851;22
2147483647;5301;10;2147483647;5303;11;2147483647;5303;17
2147483647;5088;4;2147483647;5096;5;2147483647;5096;10
2147483647;5665;5;2147483647;5686;9;2147483647;5704;34
2147483647;5725;4;2147483647;5793;14;2147483647;5793;19
2147483647;5776;6;2147483647;5776;7;2147483647;5776;11
2147483647;5658;6;2147483647;5698;14;2147483647;5698;21
2147483647;5552;4;2147483647;5572;5;2147483647;5572;11
2147483647;5753;2;2147483647;5760;5;2147483647;5760;9
2147483647;5044;4;2147483647;5055;7;2147483647;5057;13
2147483647;5732;6;2147483647;5732;7;2147483647;5732;12
2147483647;5423;6;5425;0;5;5425;0;6
2147483647;5411;5;2147483647;5412;6;2147483647;5416;16
2147483647;5364;4;2147483647;5376;6;2147483647;5382;13
2147483647;5472;2;2147483647;5581;13;2147483647;5588;22
2147483647;5559;4;2147483647;5573;9;2147483647;5606;43
2147483647;5617;5;2147483647;5640;8;2147483647;5640;14
2147483647;5449;4;2147483647;5533;17;2147483647;5533;27
2147483647;5769;6;2147483647;5784;6;2147483647;5784;11
2147483647;5707;6;2147483647;5732;9;2147483647;5732;14
2147483647;5468;7;2147483647;5567;21;2147483647;5571;31
2147483647;5828;6;2147483647;5878;12;2147483647;5878;16
2147483647;5553;4;2147483647;5616;15;2147483647;5617;19
2147483647;5774;4;2147483647;5918;16;2147483647;5925;25
2147483647;5821;6;2147483647;5862;12;2147483647;5869;23
2147483647;5794;3;2147483647;5833;5;2147483647;5833;10
2147483647;5563;7;2147483647;5595;14;2147483647;5595;20
2147483647;5201;5;2147483647;5209;6;2147483647;5209;13
2147483647;5508;5;2147483647;5518;8;5521;0;10
2147483647;5338;12;2147483647;5346;18;2147483647;5357;44
2147483647;5891;8;2147483647;5908;11;2147483647;5928;29
2147483647;5533;8;2147483647;5542;10;2147483647;5543;16
2147483647;5879;10;2147483647;5904;18;2147483647;5905;22
2147483647;5649;6;2147483647;5724;14;2147483647;5724;17
2147483647;5408;3;2147483647;5427;7;5430;0;8
2147483647;6281;6;2147483647;6308;10;2147483647;6312;19
2147483647;5420;7;2147483647;5532;20;2147483647;5534;27
